Timestamp,Flow_Sensor_1 (L/min),Flow_Sensor_2 (L/min),Flow_Rate,Temperature (C),Pressure (bar),Leak_Status
2026-04-08 13:04:05,512.69,490.6,501.64,24.82,9.88,0
2026-04-08 13:04:06,511.42,508.52,509.97,24.22,10.04,0
2026-04-08 13:04:07,514.88,492.37,503.63,25.59,10.0,0
2026-04-08 13:04:08,505.53,492.3,498.92,24.47,10.08,0
2026-04-08 13:04:09,505.33,493.81,499.57,25.5,9.92,0
2026-04-08 13:04:10,514.41,506.38,510.39,25.25,10.07,0
2026-04-08 13:04:11,502.57,491.83,497.2,24.82,9.97,0
2026-04-08 13:04:12,494.14,499.97,497.06,24.32,10.19,0
2026-04-08 13:04:13,508.48,510.72,509.6,24.25,9.88,0
2026-04-08 13:04:14,514.95,498.22,506.59,24.26,9.89,0
2026-04-08 13:04:15,499.94,488.24,494.09,24.67,10.02,0
2026-04-08 13:04:16,506.96,513.22,510.09,24.71,9.84,0
2026-04-08 13:04:17,499.96,499.87,499.91,25.25,10.03,0
2026-04-08 13:04:18,485.42,501.39,493.4,24.34,9.84,0
2026-04-08 13:04:19,494.72,503.94,499.33,25.36,9.88,0
2026-04-08 13:04:20,511.79,488.25,500.02,25.53,10.12,0
2026-04-08 13:04:21,491.7,505.54,498.62,25.73,9.99,0
2026-04-08 13:04:22,508.27,504.05,506.16,24.46,10.16,0
2026-04-08 13:04:23,489.36,514.75,502.06,25.72,10.03,0
2026-04-08 13:04:24,500.66,493.82,497.24,24.26,9.82,0
2026-04-08 13:04:25,493.94,500.66,497.3,25.73,10.08,0
2026-04-08 13:04:26,489.12,504.72,496.92,25.6,9.91,0
2026-04-08 13:04:27,485.41,490.02,487.72,25.68,9.82,0
2026-04-08 13:04:28,508.94,490.03,499.48,24.9,9.87,0
2026-04-08 13:04:29,512.5,513.83,513.17,25.76,10.04,0
2026-04-08 13:04:30,513.37,507.62,510.49,24.77,10.08,0
2026-04-08 13:04:31,499.66,512.75,506.2,24.3,10.04,0
2026-04-08 13:04:32,509.2,489.56,499.38,24.83,10.05,0
2026-04-08 13:04:33,491.6,487.28,489.44,25.06,10.05,0
2026-04-08 13:04:34,510.57,513.32,511.95,25.23,10.13,0
2026-04-08 13:04:35,486.18,507.92,497.05,24.52,9.93,0
2026-04-08 13:04:36,512.68,493.51,503.1,24.84,9.84,0
2026-04-08 13:04:37,507.37,513.71,510.54,24.7,9.98,0
2026-04-08 13:04:38,509.61,504.62,507.12,24.52,9.89,0
2026-04-08 13:04:39,489.46,498.51,493.99,25.32,9.97,0
2026-04-08 13:04:40,509.95,489.01,499.48,24.83,9.97,0
2026-04-08 13:04:41,493.38,510.15,501.76,25.35,9.98,0
2026-04-08 13:04:42,499.07,498.79,498.93,25.66,10.14,0
2026-04-08 13:04:43,512.34,495.28,503.81,24.61,10.19,0
2026-04-08 13:04:44,514.44,489.0,501.72,24.92,9.9,0
2026-04-08 13:04:45,494.36,509.26,501.81,25.61,10.0,0
2026-04-08 13:04:46,499.13,506.91,503.02,24.97,10.01,0
2026-04-08 13:04:47,514.13,505.38,509.76,25.25,10.05,0
2026-04-08 13:04:48,514.03,502.05,508.04,25.2,10.1,0
2026-04-08 13:04:49,494.53,498.24,496.39,24.72,9.99,0
2026-04-08 13:04:50,510.79,495.49,503.14,24.95,9.84,0
2026-04-08 13:04:51,498.59,496.56,497.58,24.84,9.89,0
2026-04-08 13:04:52,488.66,487.9,488.28,24.36,9.98,0
2026-04-08 13:04:53,504.16,485.19,494.68,25.21,9.9,0
2026-04-08 13:04:54,505.57,511.09,508.33,25.65,9.9,0
2026-04-08 13:04:55,511.94,495.58,503.76,24.85,9.92,0
2026-04-08 13:04:56,492.31,508.45,500.38,25.13,10.14,0
2026-04-08 13:04:57,496.63,511.84,504.24,25.5,10.12,0
2026-04-08 13:04:58,489.48,499.43,494.45,25.22,10.16,0
2026-04-08 13:04:59,509.5,505.03,507.27,25.23,10.07,0
2026-04-08 13:05:00,491.62,491.2,491.41,25.5,10.01,0
2026-04-08 13:05:01,495.76,498.63,497.19,25.43,9.81,0
2026-04-08 13:05:02,512.87,498.0,505.44,25.62,10.07,0
2026-04-08 13:05:03,487.95,508.67,498.31,25.53,10.07,0
2026-04-08 13:05:04,501.74,511.55,506.65,25.51,9.88,0
2026-04-08 13:05:05,511.88,510.79,511.34,24.98,9.86,0
2026-04-08 13:05:06,506.18,485.53,495.85,25.75,10.17,0
2026-04-08 13:05:07,497.47,491.83,494.65,25.12,9.81,0
2026-04-08 13:05:08,510.71,485.66,498.18,24.21,10.01,0
2026-04-08 13:05:09,510.71,493.36,502.03,24.22,10.12,0
2026-04-08 13:05:10,513.88,489.02,501.45,24.93,10.18,0
2026-04-08 13:05:11,494.39,497.64,496.01,24.88,9.82,0
2026-04-08 13:05:12,490.27,504.51,497.39,24.81,9.97,0
2026-04-08 13:05:13,486.1,512.86,499.48,24.54,10.1,0
2026-04-08 13:05:14,497.52,492.42,494.97,25.76,9.84,0
2026-04-08 13:05:15,488.6,505.94,497.27,25.02,9.93,0
2026-04-08 13:05:16,508.12,491.39,499.75,24.49,10.1,0
2026-04-08 13:05:17,490.92,497.86,494.39,25.7,10.14,0
2026-04-08 13:05:18,487.63,486.99,487.31,25.56,9.83,0
2026-04-08 13:05:19,510.2,489.49,499.85,25.14,9.88,0
2026-04-08 13:05:20,510.41,508.33,509.37,25.14,9.87,0
2026-04-08 13:05:21,504.08,509.86,506.97,24.49,10.13,0
2026-04-08 13:05:22,491.91,510.39,501.15,24.69,10.14,0
2026-04-08 13:05:23,514.22,501.06,507.64,25.42,10.18,0
2026-04-08 13:05:24,514.92,489.4,502.16,25.33,10.05,0
2026-04-08 13:05:25,503.11,507.37,505.24,25.11,9.9,0
2026-04-08 13:05:26,503.76,514.66,509.21,25.06,10.05,0
2026-04-08 13:05:27,495.57,509.68,502.62,24.65,9.83,0
2026-04-08 13:05:28,488.56,501.08,494.82,24.74,10.19,0
2026-04-08 13:05:29,489.99,496.53,493.26,24.22,9.84,0
2026-04-08 13:05:30,488.24,495.42,491.83,24.98,10.06,0
2026-04-08 13:05:31,506.0,510.6,508.3,25.17,10.05,0
2026-04-08 13:05:32,496.46,488.09,492.27,24.68,10.06,0
2026-04-08 13:05:33,512.24,502.33,507.28,25.18,9.88,0
2026-04-08 13:05:34,494.07,487.03,490.55,24.91,9.84,0
2026-04-08 13:05:35,487.74,513.18,500.46,25.33,9.91,0
2026-04-08 13:05:36,487.14,498.28,492.71,24.59,10.17,0
2026-04-08 13:05:37,505.35,488.48,496.92,25.35,9.8,0
2026-04-08 13:05:38,493.96,504.6,499.28,25.7,10.06,0
2026-04-08 13:05:39,493.22,503.63,498.42,25.5,10.01,0
2026-04-08 13:05:40,512.77,499.74,506.26,24.57,9.84,0
2026-04-08 13:05:41,510.08,510.92,510.5,24.75,10.07,0
2026-04-08 13:05:42,500.33,487.79,494.06,25.69,9.92,0
2026-04-08 13:05:43,502.68,501.07,501.87,24.77,10.07,0
2026-04-08 13:05:44,495.71,503.39,499.55,24.55,9.92,0
2026-04-08 13:05:45,508.17,500.12,504.15,25.52,9.95,0
2026-04-08 13:05:46,504.74,510.23,507.48,25.37,10.06,0
2026-04-08 13:05:47,504.86,501.74,503.3,25.56,10.15,0
2026-04-08 13:05:48,491.14,489.98,490.56,24.4,10.18,0
2026-04-08 13:05:49,510.1,514.9,512.5,24.27,10.07,0
2026-04-08 13:05:50,499.05,485.16,492.1,25.53,10.08,0
2026-04-08 13:05:51,510.84,488.38,499.61,25.61,10.18,0
2026-04-08 13:05:52,508.2,494.28,501.24,25.11,9.81,0
2026-04-08 13:05:53,495.19,492.79,493.99,25.51,10.15,0
2026-04-08 13:05:54,497.87,504.86,501.37,25.29,10.12,0
2026-04-08 13:05:55,485.63,491.43,488.53,25.22,10.05,0
2026-04-08 13:05:56,510.82,486.6,498.71,25.79,10.18,0
2026-04-08 13:05:57,497.69,490.51,494.1,25.63,9.86,0
2026-04-08 13:05:58,492.42,497.13,494.77,25.13,9.91,0
2026-04-08 13:05:59,501.8,509.26,505.53,25.53,10.09,0
2026-04-08 13:06:00,508.43,514.01,511.22,25.09,10.11,0
2026-04-08 13:06:01,504.42,513.12,508.77,25.07,10.11,0
2026-04-08 13:06:02,496.17,498.07,497.12,25.57,10.17,0
2026-04-08 13:06:03,500.43,491.83,496.13,25.57,10.07,0
2026-04-08 13:06:04,494.37,502.38,498.37,25.55,9.9,0
2026-04-08 13:06:05,492.18,506.66,499.42,24.38,10.03,0
2026-04-08 13:06:06,508.07,500.86,504.46,24.89,10.19,0
2026-04-08 13:06:07,490.28,490.45,490.36,25.28,9.85,0
2026-04-08 13:06:08,504.95,504.56,504.75,25.01,10.01,0
2026-04-08 13:06:09,500.64,501.66,501.15,25.04,10.07,0
2026-04-08 13:06:10,506.72,506.09,506.41,24.26,9.97,0
2026-04-08 13:06:11,496.38,485.49,490.94,24.46,10.02,0
2026-04-08 13:06:12,489.83,488.58,489.21,25.46,10.17,0
2026-04-08 13:06:13,500.51,493.11,496.81,25.31,10.1,0
2026-04-08 13:06:14,514.6,495.62,505.11,25.61,9.81,0
2026-04-08 13:06:15,501.12,512.89,507.01,24.87,10.13,0
2026-04-08 13:06:16,502.48,492.57,497.52,25.1,9.94,0
2026-04-08 13:06:17,507.24,501.23,504.24,24.51,10.0,0
2026-04-08 13:06:18,493.16,488.69,490.93,24.42,9.84,0
2026-04-08 13:06:19,493.11,489.82,491.46,25.01,10.08,0
2026-04-08 13:06:20,488.42,512.84,500.63,24.41,9.85,0
2026-04-08 13:06:21,508.11,509.09,508.6,25.46,9.9,0
2026-04-08 13:06:22,507.77,492.16,499.97,25.6,10.13,0
2026-04-08 13:06:23,507.25,502.39,504.82,24.75,9.97,0
2026-04-08 13:06:24,507.6,505.43,506.52,25.16,9.92,0
2026-04-08 13:06:25,491.69,504.17,497.93,25.6,9.85,0
2026-04-08 13:06:26,498.35,485.61,491.98,25.24,10.17,0
2026-04-08 13:06:27,498.18,504.31,501.24,25.17,9.97,0
2026-04-08 13:06:28,491.28,487.82,489.55,24.25,10.09,0
2026-04-08 13:06:29,487.27,497.77,492.52,25.19,10.15,0
2026-04-08 13:06:30,512.92,497.11,505.02,24.71,9.85,0
2026-04-08 13:06:31,496.19,510.74,503.47,24.59,9.95,0
2026-04-08 13:06:32,487.88,496.12,492.0,25.15,10.06,0
2026-04-08 13:06:33,499.15,509.62,504.38,24.67,9.88,0
2026-04-08 13:06:34,508.73,504.36,506.55,25.09,9.82,0
2026-04-08 13:06:35,489.98,506.77,498.37,24.64,9.99,0
2026-04-08 13:06:36,486.14,499.2,492.67,24.41,10.11,0
2026-04-08 13:06:37,485.13,503.47,494.3,24.86,10.13,0
2026-04-08 13:06:38,492.06,512.97,502.52,25.15,10.17,0
2026-04-08 13:06:39,494.1,485.59,489.85,25.58,9.83,0
2026-04-08 13:06:40,497.14,503.19,500.16,24.8,10.12,0
2026-04-08 13:06:41,510.43,502.96,506.69,25.4,9.81,0
2026-04-08 13:06:42,489.74,497.46,493.6,25.51,9.85,0
2026-04-08 13:06:43,499.46,512.77,506.12,24.47,10.06,0
2026-04-08 13:06:44,509.81,505.85,507.83,25.18,10.17,0
2026-04-08 13:06:45,489.86,497.02,493.44,25.64,9.89,0
2026-04-08 13:06:46,510.32,491.33,500.83,25.07,10.03,0
2026-04-08 13:06:47,503.25,503.17,503.21,24.35,9.84,0
2026-04-08 13:06:48,487.89,507.05,497.47,24.21,9.96,0
2026-04-08 13:06:49,507.34,505.83,506.59,24.51,9.96,0
2026-04-08 13:06:50,510.0,511.93,510.97,25.16,9.96,0
2026-04-08 13:06:51,486.99,499.2,493.09,24.34,9.84,0
2026-04-08 13:06:52,494.96,513.57,504.26,24.97,10.05,0
2026-04-08 13:06:53,501.08,508.24,504.66,25.65,9.8,0
2026-04-08 13:06:54,503.82,495.69,499.75,24.82,9.91,0
2026-04-08 13:06:55,507.92,486.43,497.17,25.4,10.14,0
2026-04-08 13:06:56,514.88,485.96,500.42,25.59,9.82,0
2026-04-08 13:06:57,513.05,497.3,505.18,24.43,9.89,0
2026-04-08 13:06:58,512.48,503.55,508.01,24.3,9.81,0
2026-04-08 13:06:59,489.58,489.09,489.33,24.34,10.1,0
2026-04-08 13:07:00,500.07,496.36,498.21,24.35,10.17,0
2026-04-08 13:07:01,486.9,501.54,494.22,25.62,10.11,0
2026-04-08 13:07:02,509.27,489.44,499.36,24.84,9.99,0
2026-04-08 13:07:03,494.38,497.49,495.94,25.09,10.13,0
2026-04-08 13:07:04,491.57,490.08,490.82,24.77,10.02,0
2026-04-08 13:07:05,501.86,511.42,506.64,24.57,9.89,0
2026-04-08 13:07:06,486.78,496.08,491.43,25.58,10.07,0
2026-04-08 13:07:07,507.13,508.03,507.58,25.08,9.89,0
2026-04-08 13:07:08,504.49,513.57,509.03,25.29,10.14,0
2026-04-08 13:07:09,488.78,503.89,496.34,24.27,9.98,0
2026-04-08 13:07:10,501.88,510.95,506.41,24.55,10.06,0
2026-04-08 13:07:11,498.54,503.7,501.12,25.65,9.97,0
2026-04-08 13:07:12,495.86,501.79,498.83,24.84,9.81,0
2026-04-08 13:07:13,493.3,485.38,489.34,24.86,10.09,0
2026-04-08 13:07:14,499.01,508.2,503.61,24.5,10.07,0
2026-04-08 13:07:15,489.63,498.22,493.92,24.84,9.89,0
2026-04-08 13:07:16,504.81,494.44,499.62,24.42,10.01,0
2026-04-08 13:07:17,499.82,496.17,497.99,24.31,10.0,0
2026-04-08 13:07:18,487.23,507.93,497.58,25.02,9.96,0
2026-04-08 13:07:19,502.04,497.15,499.59,24.42,10.08,0
2026-04-08 13:07:20,502.75,504.97,503.86,25.1,9.98,0
2026-04-08 13:07:21,510.93,513.21,512.07,24.77,9.97,0
2026-04-08 13:07:22,504.14,488.49,496.31,24.45,9.92,0
2026-04-08 13:07:23,491.46,512.31,501.89,25.16,10.01,0
2026-04-08 13:07:24,496.87,512.46,504.66,24.54,10.09,0
2026-04-08 13:07:25,514.81,508.39,511.6,24.84,10.05,0
2026-04-08 13:07:26,504.18,507.72,505.95,24.87,9.81,0
2026-04-08 13:07:27,508.98,501.16,505.07,25.52,10.05,0
2026-04-08 13:07:28,505.53,507.61,506.57,24.42,9.93,0
2026-04-08 13:07:29,490.44,512.76,501.6,24.2,9.89,0
2026-04-08 13:07:30,485.51,487.43,486.47,24.25,10.08,0
2026-04-08 13:07:31,513.72,494.47,504.1,25.24,10.15,0
2026-04-08 13:07:32,493.01,486.73,489.87,24.59,9.87,0
2026-04-08 13:07:33,492.69,513.33,503.01,24.78,9.86,0
2026-04-08 13:07:34,498.63,514.0,506.32,25.43,9.92,0
2026-04-08 13:07:35,487.61,499.48,493.54,25.54,9.85,0
2026-04-08 13:07:36,494.64,505.18,499.91,24.91,9.86,0
2026-04-08 13:07:37,512.01,498.71,505.36,25.36,10.1,0
2026-04-08 13:07:38,487.39,489.17,488.28,24.62,10.16,0
2026-04-08 13:07:39,510.19,492.53,501.36,24.28,9.94,0
2026-04-08 13:07:40,505.81,499.34,502.58,25.06,9.84,0
2026-04-08 13:07:41,497.43,496.26,496.85,24.54,9.9,0
2026-04-08 13:07:42,512.93,505.46,509.19,24.43,9.82,0
2026-04-08 13:07:43,508.03,504.34,506.18,24.29,9.85,0
2026-04-08 13:07:44,494.68,499.87,497.27,25.73,9.92,0
2026-04-08 13:07:45,508.89,489.31,499.1,25.04,10.01,0
2026-04-08 13:07:46,491.07,495.79,493.43,25.37,9.88,0
2026-04-08 13:07:47,498.05,497.97,498.01,25.49,9.91,0
2026-04-08 13:07:48,494.99,497.51,496.25,25.0,10.09,0
2026-04-08 13:07:49,502.82,499.6,501.21,24.47,10.17,0
2026-04-08 13:07:50,500.4,501.15,500.78,24.24,9.86,0
2026-04-08 13:07:51,501.83,487.96,494.9,25.12,10.0,0
2026-04-08 13:07:52,508.89,501.24,505.06,25.18,9.88,0
2026-04-08 13:07:53,511.04,511.64,511.34,25.74,9.94,0
2026-04-08 13:07:54,490.24,504.7,497.47,24.7,9.97,0
2026-04-08 13:07:55,510.56,510.74,510.65,25.34,10.15,0
2026-04-08 13:07:56,504.39,491.17,497.78,25.68,10.17,0
2026-04-08 13:07:57,488.73,502.75,495.74,25.41,10.1,0
2026-04-08 13:07:58,512.08,486.08,499.08,25.29,10.0,0
2026-04-08 13:07:59,489.68,497.9,493.79,25.0,9.95,0
2026-04-08 13:08:00,502.15,514.66,508.4,25.15,9.87,0
2026-04-08 13:08:01,503.25,495.98,499.62,24.24,10.05,0
2026-04-08 13:08:02,486.38,491.61,488.99,24.67,10.17,0
2026-04-08 13:08:03,503.5,494.82,499.16,24.29,10.17,0
2026-04-08 13:08:04,505.1,492.5,498.8,24.98,10.14,0
2026-04-08 13:08:05,506.24,496.3,501.27,25.15,9.9,0
2026-04-08 13:08:06,514.9,496.71,505.81,25.67,9.97,0
2026-04-08 13:08:07,490.52,509.0,499.76,24.75,9.81,0
2026-04-08 13:08:08,504.89,496.54,500.72,25.74,10.04,0
2026-04-08 13:08:09,486.54,492.41,489.48,24.94,9.86,0
2026-04-08 13:08:10,501.34,509.43,505.38,24.94,9.84,0
2026-04-08 13:08:11,509.91,511.16,510.54,25.07,9.96,0
2026-04-08 13:08:12,487.82,487.01,487.41,24.53,9.81,0
2026-04-08 13:08:13,489.65,497.01,493.33,24.78,10.12,0
2026-04-08 13:08:14,513.21,487.74,500.48,25.31,9.83,0
2026-04-08 13:08:15,500.7,508.57,504.64,24.38,10.18,0
2026-04-08 13:08:16,489.78,503.92,496.85,25.73,10.1,0
2026-04-08 13:08:17,514.76,509.89,512.33,24.38,10.12,0
2026-04-08 13:08:18,496.37,485.85,491.11,25.72,10.19,0
2026-04-08 13:08:19,509.71,514.65,512.18,25.48,10.08,0
2026-04-08 13:08:20,513.59,487.6,500.6,24.69,10.1,0
2026-04-08 13:08:21,511.41,500.86,506.13,25.21,10.03,0
2026-04-08 13:08:22,501.46,488.28,494.87,25.5,10.05,0
2026-04-08 13:08:23,499.75,499.13,499.44,25.76,9.91,0
2026-04-08 13:08:24,512.21,507.28,509.75,25.28,10.06,0
2026-04-08 13:08:25,499.81,486.27,493.04,24.91,10.1,0
2026-04-08 13:08:26,503.82,507.67,505.74,25.09,10.06,0
2026-04-08 13:08:27,500.57,514.21,507.39,25.77,9.9,0
2026-04-08 13:08:28,494.41,502.8,498.61,25.54,9.82,0
2026-04-08 13:08:29,497.89,502.58,500.24,25.07,9.9,0
2026-04-08 13:08:30,502.46,512.71,507.58,24.83,10.04,0
2026-04-08 13:08:31,486.96,497.65,492.31,24.38,10.1,0
2026-04-08 13:08:32,498.78,513.72,506.25,24.46,10.19,0
2026-04-08 13:08:33,511.54,512.69,512.11,24.33,9.8,0
2026-04-08 13:08:34,485.0,500.98,492.99,24.48,9.89,0
2026-04-08 13:08:35,504.87,508.57,506.72,24.6,9.96,0
2026-04-08 13:08:36,497.07,505.96,501.51,25.59,9.84,0
2026-04-08 13:08:37,494.59,494.38,494.49,25.7,9.94,0
2026-04-08 13:08:38,512.43,500.61,506.52,24.26,10.05,0
2026-04-08 13:08:39,491.52,489.96,490.74,24.7,10.17,0
2026-04-08 13:08:40,485.76,497.01,491.38,25.47,9.82,0
2026-04-08 13:08:41,493.47,500.72,497.1,25.79,10.06,0
2026-04-08 13:08:42,510.86,493.74,502.3,25.24,10.05,0
2026-04-08 13:08:43,494.17,503.77,498.97,24.32,10.18,0
2026-04-08 13:08:44,497.33,501.82,499.57,25.42,10.11,0
2026-04-08 13:08:45,508.04,502.74,505.39,24.62,9.83,0
2026-04-08 13:08:46,487.21,493.0,490.11,25.65,10.17,0
2026-04-08 13:08:47,485.34,493.36,489.35,25.72,10.07,0
2026-04-08 13:08:48,486.41,488.53,487.47,25.05,10.12,0
2026-04-08 13:08:49,497.81,512.64,505.23,25.56,9.96,0
2026-04-08 13:08:50,493.44,486.25,489.84,25.09,10.06,0
2026-04-08 13:08:51,491.54,499.6,495.57,25.8,9.84,0
2026-04-08 13:08:52,493.29,491.76,492.52,24.82,10.0,0
2026-04-08 13:08:53,506.97,489.11,498.04,25.27,9.92,0
2026-04-08 13:08:54,503.3,490.11,496.7,25.18,9.84,0
2026-04-08 13:08:55,512.64,512.11,512.37,24.36,10.08,0
2026-04-08 13:08:56,492.73,514.96,503.84,24.47,10.14,0
2026-04-08 13:08:57,514.96,493.81,504.38,24.97,10.19,0
2026-04-08 13:08:58,496.22,497.71,496.97,24.52,9.88,0
2026-04-08 13:08:59,499.86,509.6,504.73,25.12,10.03,0
2026-04-08 13:09:00,488.65,492.41,490.53,25.34,9.88,0
2026-04-08 13:09:01,503.52,499.87,501.69,25.57,9.92,0
2026-04-08 13:09:02,488.55,514.13,501.34,24.33,9.85,0
2026-04-08 13:09:03,505.23,497.13,501.18,25.37,10.02,0
2026-04-08 13:09:04,507.8,507.27,507.54,24.93,10.12,0
2026-04-08 13:09:05,496.71,488.79,492.75,25.43,9.99,1
2026-04-08 13:09:06,505.9,511.43,508.66,24.33,9.8,1
2026-04-08 13:09:07,491.5,487.01,489.25,25.33,10.12,1
2026-04-08 13:09:08,490.91,484.9,487.91,24.51,10.09,1
2026-04-08 13:09:09,485.04,505.31,495.18,25.16,9.89,1
2026-04-08 13:09:10,510.31,489.58,499.95,25.45,9.79,1
2026-04-08 13:09:11,512.04,482.63,497.34,24.98,9.79,1
2026-04-08 13:09:12,508.19,509.79,508.99,25.39,10.08,1
2026-04-08 13:09:13,488.15,487.07,487.61,25.75,9.72,1
2026-04-08 13:09:14,496.92,506.47,501.7,25.49,9.77,1
2026-04-08 13:09:15,512.41,500.74,506.57,25.24,9.95,1
2026-04-08 13:09:16,493.71,483.67,488.69,25.86,9.87,1
2026-04-08 13:09:17,504.39,488.03,496.21,25.61,9.72,1
2026-04-08 13:09:18,491.29,479.19,485.24,24.69,9.73,1
2026-04-08 13:09:19,502.02,476.87,489.45,25.08,9.75,1
2026-04-08 13:09:20,509.5,492.11,500.8,25.63,9.85,1
2026-04-08 13:09:21,491.12,482.49,486.81,25.43,9.78,1
2026-04-08 13:09:22,497.57,504.17,500.87,25.73,9.94,1
2026-04-08 13:09:23,498.85,492.11,495.48,25.88,9.62,1
2026-04-08 13:09:24,485.35,500.23,492.79,25.6,9.86,1
2026-04-08 13:09:25,497.18,484.27,490.72,26.17,9.86,1
2026-04-08 13:09:26,511.75,492.77,502.26,25.74,9.52,1
2026-04-08 13:09:27,506.75,494.03,500.39,24.97,9.66,1
2026-04-08 13:09:28,492.83,499.73,496.28,24.99,9.73,1
2026-04-08 13:09:29,502.35,486.46,494.4,25.24,9.69,1
2026-04-08 13:09:30,497.11,482.65,489.88,26.51,9.43,1
2026-04-08 13:09:31,485.95,474.6,480.27,26.54,9.45,1
2026-04-08 13:09:32,484.29,489.69,486.99,25.39,9.73,1
2026-04-08 13:09:33,494.5,475.37,484.94,25.42,9.52,1
2026-04-08 13:09:34,503.76,479.75,491.75,26.62,9.44,1
2026-04-08 13:09:35,495.45,471.67,483.56,25.94,9.56,1
2026-04-08 13:09:36,486.44,479.66,483.05,25.51,9.48,1
2026-04-08 13:09:37,502.02,479.21,490.62,26.2,9.62,1
2026-04-08 13:09:38,504.7,470.07,487.38,26.17,9.52,1
2026-04-08 13:09:39,486.65,493.47,490.06,26.41,9.55,1
2026-04-08 13:09:40,501.1,482.6,491.85,25.74,9.61,1
2026-04-08 13:09:41,487.76,463.78,475.77,25.78,9.41,1
2026-04-08 13:09:42,483.26,486.67,484.96,26.87,9.34,1
2026-04-08 13:09:43,485.21,463.01,474.11,25.41,9.38,1
2026-04-08 13:09:44,498.08,462.17,480.12,26.22,9.39,1
2026-04-08 13:09:45,489.85,479.12,484.49,26.91,9.45,1
2026-04-08 13:09:46,494.39,485.59,489.99,26.03,9.28,1
2026-04-08 13:09:47,506.65,478.22,492.44,25.92,9.57,1
2026-04-08 13:09:48,483.05,473.75,478.4,25.69,9.16,1
2026-04-08 13:09:49,494.85,466.79,480.82,25.63,9.45,1
2026-04-08 13:09:50,490.13,471.67,480.9,26.51,9.14,1
2026-04-08 13:09:51,494.65,481.75,488.2,25.78,9.14,1
2026-04-08 13:09:52,502.05,477.46,489.76,25.64,9.32,1
2026-04-08 13:09:53,484.48,462.71,473.59,26.66,9.18,1
2026-04-08 13:09:54,510.76,463.52,487.14,26.21,9.19,1
2026-04-08 13:09:55,484.28,479.67,481.97,26.29,9.43,1
2026-04-08 13:09:56,492.47,474.26,483.37,26.84,9.39,1
2026-04-08 13:09:57,486.21,456.48,471.35,26.76,9.19,1
2026-04-08 13:09:58,505.73,474.17,489.95,27.24,9.29,1
2026-04-08 13:09:59,500.98,472.85,486.92,27.12,9.0,1
2026-04-08 13:10:00,496.22,457.19,476.71,26.97,8.99,1
2026-04-08 13:10:01,491.84,453.88,472.86,26.38,9.2,1
2026-04-08 13:10:02,486.61,466.16,476.38,27.5,9.02,1
2026-04-08 13:10:03,509.17,451.77,480.47,26.69,9.04,1
2026-04-08 13:10:04,500.8,473.95,487.37,26.87,9.28,1
2026-04-08 13:10:05,499.16,462.52,480.84,27.0,8.93,1
2026-04-08 13:10:06,506.76,473.25,490.01,27.33,9.14,1
2026-04-08 13:10:07,491.86,471.84,481.85,26.67,9.2,1
2026-04-08 13:10:08,499.94,469.19,484.57,27.15,9.11,1
2026-04-08 13:10:09,492.53,469.74,481.14,27.14,9.04,1
2026-04-08 13:10:10,488.81,450.05,469.43,27.02,9.0,1
2026-04-08 13:10:11,482.09,463.91,473.0,27.32,9.13,1
2026-04-08 13:10:12,483.06,458.05,470.56,26.49,9.16,1
2026-04-08 13:10:13,500.26,458.69,479.48,26.38,9.12,1
2026-04-08 13:10:14,505.59,468.66,487.13,27.5,8.98,1
2026-04-08 13:10:15,495.65,468.56,482.11,27.4,9.15,1
2026-04-08 13:10:16,479.69,447.14,463.42,27.52,9.03,1
2026-04-08 13:10:17,501.66,467.22,484.44,26.96,8.82,1
2026-04-08 13:10:18,503.22,444.22,473.72,27.6,8.96,1
2026-04-08 13:10:19,491.42,452.6,472.01,27.69,9.01,1
2026-04-08 13:10:20,493.39,468.05,480.72,27.93,8.98,1
2026-04-08 13:10:21,488.39,443.36,465.88,26.64,8.93,1
2026-04-08 13:10:22,508.63,443.33,475.98,26.97,8.76,1
2026-04-08 13:10:23,502.09,442.6,472.34,27.44,8.93,1
2026-04-08 13:10:24,501.71,460.66,481.19,27.24,8.84,1
2026-04-08 13:10:25,493.84,445.44,469.64,27.87,8.89,1
2026-04-08 13:10:26,479.92,439.36,459.64,26.64,8.88,1
2026-04-08 13:10:27,507.38,464.06,485.72,27.6,8.63,1
2026-04-08 13:10:28,507.75,435.34,471.55,27.54,8.7,1
2026-04-08 13:10:29,499.24,451.73,475.49,28.27,8.91,1
2026-04-08 13:10:30,497.44,461.81,479.62,28.33,8.53,1
2026-04-08 13:10:31,495.41,461.29,478.35,28.36,8.79,1
2026-04-08 13:10:32,505.61,436.15,470.88,26.95,8.55,1
2026-04-08 13:10:33,498.14,446.74,472.44,27.18,8.66,1
2026-04-08 13:10:34,499.43,441.0,470.21,27.29,8.51,1
2026-04-08 13:10:35,488.4,433.42,460.91,28.08,8.49,1
2026-04-08 13:10:36,484.7,435.08,459.89,26.98,8.73,1
2026-04-08 13:10:37,497.44,454.89,476.17,28.08,8.66,1
2026-04-08 13:10:38,497.23,433.42,465.33,27.22,8.78,1
2026-04-08 13:10:39,479.41,428.76,454.08,27.04,8.48,1
2026-04-08 13:10:40,485.04,429.06,457.05,28.27,8.42,1
2026-04-08 13:10:41,483.56,452.11,467.84,27.72,8.6,1
2026-04-08 13:10:42,492.24,428.16,460.2,28.39,8.63,1
2026-04-08 13:10:43,507.42,440.0,473.71,28.55,8.42,1
2026-04-08 13:10:44,491.05,450.39,470.72,28.3,8.5,1
2026-04-08 13:10:45,503.86,432.47,468.17,27.79,8.63,1
2026-04-08 13:10:46,502.66,453.66,478.16,27.66,8.6,1
2026-04-08 13:10:47,485.02,443.68,464.35,27.33,8.63,1
2026-04-08 13:10:48,496.65,443.26,469.96,27.53,8.51,1
2026-04-08 13:10:49,505.66,423.13,464.4,27.76,8.55,1
2026-04-08 13:10:50,478.64,424.17,451.41,27.81,8.44,1
2026-04-08 13:10:51,500.52,428.37,464.45,28.49,8.34,1
2026-04-08 13:10:52,485.33,421.82,453.58,27.45,8.22,1
2026-04-08 13:10:53,478.46,446.33,462.39,27.88,8.48,1
2026-04-08 13:10:54,504.57,421.17,462.87,28.49,8.39,1
2026-04-08 13:10:55,483.83,442.38,463.1,28.74,8.52,1
2026-04-08 13:10:56,483.75,436.32,460.04,28.63,8.2,1
2026-04-08 13:10:57,480.37,422.74,451.56,27.62,8.17,1
2026-04-08 13:10:58,503.55,433.72,468.64,28.54,8.26,1
2026-04-08 13:10:59,497.5,444.75,471.13,28.6,8.18,1
2026-04-08 13:11:00,490.68,433.83,462.26,27.7,8.46,1
2026-04-08 13:11:01,484.62,441.59,463.1,28.76,8.34,1
2026-04-08 13:11:02,488.4,416.51,452.45,28.29,8.12,1
2026-04-08 13:11:03,495.14,444.05,469.59,28.44,8.06,1
2026-04-08 13:11:04,503.41,434.96,469.18,29.18,8.17,1
2026-04-08 13:11:05,499.52,427.9,463.71,29.23,8.39,1
2026-04-08 13:11:06,493.18,421.28,457.23,28.93,8.38,1
2026-04-08 13:11:07,476.44,424.59,450.52,28.06,8.18,1
2026-04-08 13:11:08,502.9,424.69,463.79,29.4,8.0,1
2026-04-08 13:11:09,501.42,411.75,456.58,28.08,8.05,1
2026-04-08 13:11:10,493.84,418.17,456.0,28.0,7.98,1
2026-04-08 13:11:11,479.91,437.94,458.93,28.93,8.25,1
2026-04-08 13:11:12,497.01,417.63,457.32,28.89,8.22,1
2026-04-08 13:11:13,482.48,435.48,458.98,28.22,7.89,1
2026-04-08 13:11:14,479.16,420.1,449.63,28.12,8.14,1
2026-04-08 13:11:15,490.36,410.86,450.61,29.34,7.95,1
2026-04-08 13:11:16,495.73,425.56,460.64,28.19,8.07,1
2026-04-08 13:11:17,490.83,418.27,454.55,28.85,8.03,1
2026-04-08 13:11:18,494.96,415.1,455.03,28.84,7.88,1
2026-04-08 13:11:19,488.07,410.2,449.14,29.77,7.82,1
2026-04-08 13:11:20,494.32,422.52,458.42,29.24,7.81,1
2026-04-08 13:11:21,495.14,426.86,461.0,29.77,7.79,1
2026-04-08 13:11:22,489.8,404.59,447.19,29.64,7.84,1
2026-04-08 13:11:23,502.99,416.13,459.56,28.88,7.74,1
2026-04-08 13:11:24,495.02,430.87,462.95,29.55,8.04,1
2026-04-08 13:11:25,499.96,420.48,460.22,29.19,7.71,1
2026-04-08 13:11:26,486.35,415.62,450.99,29.01,7.91,1
2026-04-08 13:11:27,483.05,417.57,450.31,29.48,7.71,1
2026-04-08 13:11:28,474.99,408.38,441.68,28.96,7.96,1
2026-04-08 13:11:29,477.1,416.63,446.86,29.87,7.84,1
2026-04-08 13:11:30,495.69,412.15,453.92,29.62,7.97,1
2026-04-08 13:11:31,478.17,416.52,447.35,29.41,7.95,1
2026-04-08 13:11:32,503.83,413.1,458.47,29.53,7.93,1
2026-04-08 13:11:33,486.26,412.5,449.38,28.68,7.72,1
2026-04-08 13:11:34,496.56,419.51,458.04,29.15,7.71,1
2026-04-08 13:11:35,496.87,405.42,451.15,29.15,7.7,1
2026-04-08 13:11:36,474.41,422.99,448.7,29.5,7.57,1
2026-04-08 13:11:37,480.23,398.58,439.41,28.87,7.77,1
2026-04-08 13:11:38,497.94,410.46,454.2,29.56,7.81,1
2026-04-08 13:11:39,482.04,401.09,441.56,29.97,7.81,1
2026-04-08 13:11:40,488.58,396.32,442.45,29.3,7.85,1
2026-04-08 13:11:41,473.34,414.05,443.7,29.97,7.5,1
2026-04-08 13:11:42,484.44,417.16,450.8,30.32,7.62,1
2026-04-08 13:11:43,495.55,391.77,443.66,30.34,7.6,1
2026-04-08 13:11:44,476.83,391.09,433.96,30.06,7.58,1
2026-04-08 13:11:45,474.34,412.3,443.32,29.31,7.73,1
2026-04-08 13:11:46,474.58,392.91,433.74,29.63,7.54,1
2026-04-08 13:11:47,481.57,394.67,438.12,30.24,7.41,1
2026-04-08 13:11:48,488.17,410.18,449.18,30.55,7.53,1
2026-04-08 13:11:49,491.03,407.19,449.11,30.26,7.67,1
2026-04-08 13:11:50,489.95,413.95,451.95,30.45,7.6,1
2026-04-08 13:11:51,485.23,394.73,439.98,30.53,7.62,1
2026-04-08 13:11:52,480.03,412.31,446.17,30.64,7.44,1
2026-04-08 13:11:53,474.29,403.67,438.98,29.38,7.57,1
2026-04-08 13:11:54,477.52,410.54,444.03,30.44,7.43,1
2026-04-08 13:11:55,487.62,407.45,447.53,29.36,7.37,1
2026-04-08 13:11:56,495.33,401.08,448.21,30.3,7.31,1
2026-04-08 13:11:57,491.16,399.98,445.57,29.5,7.55,1
2026-04-08 13:11:58,493.12,392.82,442.97,30.99,7.3,1
2026-04-08 13:11:59,491.09,387.88,439.48,29.64,7.54,1
2026-04-08 13:12:00,475.48,395.54,435.51,30.1,7.47,1
2026-04-08 13:12:01,500.2,395.96,448.08,29.49,7.44,1
2026-04-08 13:12:02,501.72,383.16,442.44,30.51,7.27,1
2026-04-08 13:12:03,478.57,406.61,442.59,30.81,7.24,1
2026-04-08 13:12:04,498.93,378.1,438.52,29.83,7.14,1
2026-04-08 13:12:05,480.62,389.45,435.03,30.32,7.46,1
2026-04-08 13:12:06,484.22,406.33,445.28,30.47,7.47,1
2026-04-08 13:12:07,492.54,376.44,434.49,31.13,7.18,1
2026-04-08 13:12:08,496.78,378.8,437.79,31.03,7.37,1
2026-04-08 13:12:09,483.9,403.4,443.65,30.09,7.38,1
2026-04-08 13:12:10,499.64,386.86,443.25,30.18,7.27,1
2026-04-08 13:12:11,471.43,397.22,434.33,30.38,7.37,1
2026-04-08 13:12:12,473.69,396.04,434.86,30.76,7.22,1
2026-04-08 13:12:13,486.97,377.17,432.07,30.89,7.17,1
2026-04-08 13:12:14,480.76,401.51,441.13,30.6,7.24,1
2026-04-08 13:12:15,476.15,377.37,426.76,29.92,7.2,1
2026-04-08 13:12:16,497.14,372.44,434.79,31.24,7.31,1
2026-04-08 13:12:17,482.61,397.07,439.84,30.04,7.18,1
2026-04-08 13:12:18,475.62,380.95,428.29,31.53,7.09,1
2026-04-08 13:12:19,476.97,377.97,427.47,30.45,7.03,1
2026-04-08 13:12:20,485.27,393.74,439.5,30.27,7.21,1
2026-04-08 13:12:21,499.02,369.05,434.04,31.31,7.21,1
2026-04-08 13:12:22,474.19,375.36,424.77,30.5,7.17,1
2026-04-08 13:12:23,484.5,366.98,425.74,31.56,6.83,1
2026-04-08 13:12:24,470.26,376.86,423.56,30.9,7.11,1
2026-04-08 13:12:25,485.28,492.0,488.64,24.49,9.95,0
2026-04-08 13:12:26,504.24,499.55,501.9,25.02,10.15,0
2026-04-08 13:12:27,506.55,500.73,503.64,24.99,9.91,0
2026-04-08 13:12:28,512.06,501.8,506.93,25.44,10.15,0
2026-04-08 13:12:29,499.45,511.07,505.26,24.46,9.81,0
2026-04-08 13:12:30,506.01,488.55,497.28,25.05,9.87,0
2026-04-08 13:12:31,489.81,496.83,493.32,24.59,10.03,0
2026-04-08 13:12:32,503.09,507.98,505.53,25.0,10.07,0
2026-04-08 13:12:33,499.78,493.81,496.79,24.96,9.84,0
2026-04-08 13:12:34,505.82,514.62,510.22,24.66,9.86,0
2026-04-08 13:12:35,487.9,502.92,495.41,25.44,9.87,0
2026-04-08 13:12:36,490.71,512.44,501.57,25.33,10.06,0
2026-04-08 13:12:37,507.98,495.0,501.49,25.48,9.85,0
2026-04-08 13:12:38,509.37,498.97,504.17,24.58,10.06,0
2026-04-08 13:12:39,509.44,491.84,500.64,25.36,9.97,0
2026-04-08 13:12:40,513.61,499.75,506.68,24.84,10.17,0
2026-04-08 13:12:41,503.15,511.02,507.09,24.96,9.96,0
2026-04-08 13:12:42,513.01,499.63,506.32,25.36,9.86,0
2026-04-08 13:12:43,511.18,487.47,499.32,25.09,9.97,0
2026-04-08 13:12:44,498.55,489.11,493.83,24.55,10.12,0
2026-04-08 13:12:45,489.54,496.95,493.24,24.92,10.1,0
2026-04-08 13:12:46,502.28,504.72,503.5,25.1,10.17,0
2026-04-08 13:12:47,514.19,509.32,511.76,25.79,10.1,0
2026-04-08 13:12:48,493.63,509.49,501.56,24.41,10.03,0
2026-04-08 13:12:49,492.41,490.03,491.22,25.6,10.06,0
2026-04-08 13:12:50,506.27,511.76,509.02,24.21,10.17,0
2026-04-08 13:12:51,507.41,508.23,507.82,25.69,10.12,0
2026-04-08 13:12:52,493.64,485.04,489.34,24.38,9.96,0
2026-04-08 13:12:53,507.15,514.49,510.82,24.97,10.05,0
2026-04-08 13:12:54,508.12,499.07,503.59,25.02,10.0,0
2026-04-08 13:12:55,492.83,489.54,491.19,24.71,9.91,0
2026-04-08 13:12:56,505.57,511.95,508.76,24.49,10.05,0
2026-04-08 13:12:57,489.74,494.99,492.37,24.68,9.81,0
2026-04-08 13:12:58,499.68,507.11,503.39,24.95,9.86,0
2026-04-08 13:12:59,503.98,498.09,501.04,25.64,9.81,0
2026-04-08 13:13:00,507.14,511.93,509.53,24.44,9.86,0
2026-04-08 13:13:01,494.76,510.59,502.68,24.71,10.06,0
2026-04-08 13:13:02,498.41,509.93,504.17,25.35,9.94,0
2026-04-08 13:13:03,487.26,513.5,500.38,25.43,9.92,0
2026-04-08 13:13:04,506.93,513.69,510.31,24.36,9.81,0
2026-04-08 13:13:05,496.25,489.5,492.88,24.35,10.01,0
2026-04-08 13:13:06,508.13,488.68,498.41,25.54,9.8,0
2026-04-08 13:13:07,493.55,493.11,493.33,25.11,9.9,0
2026-04-08 13:13:08,492.31,502.94,497.63,24.62,9.84,0
2026-04-08 13:13:09,491.43,500.88,496.16,25.38,9.98,0
2026-04-08 13:13:10,512.76,488.2,500.48,24.9,10.08,0
2026-04-08 13:13:11,488.1,488.88,488.49,25.62,9.91,0
2026-04-08 13:13:12,493.09,502.71,497.9,24.39,9.94,0
2026-04-08 13:13:13,492.08,489.84,490.96,25.73,10.2,0
2026-04-08 13:13:14,498.67,504.1,501.39,24.45,10.2,0
2026-04-08 13:13:15,512.95,508.82,510.88,24.93,9.95,0
2026-04-08 13:13:16,506.31,501.76,504.03,25.67,10.01,0
2026-04-08 13:13:17,498.62,502.54,500.58,25.56,9.97,0
2026-04-08 13:13:18,485.82,511.32,498.57,25.03,9.87,0
2026-04-08 13:13:19,485.03,514.6,499.82,24.25,10.0,0
2026-04-08 13:13:20,506.34,489.06,497.7,25.28,9.96,0
2026-04-08 13:13:21,495.44,504.1,499.77,25.14,10.17,0
2026-04-08 13:13:22,501.52,504.13,502.82,24.45,9.91,0
2026-04-08 13:13:23,493.18,491.11,492.15,24.74,10.11,0
2026-04-08 13:13:24,513.76,509.2,511.48,25.27,9.81,0
2026-04-08 13:13:25,510.96,496.12,503.54,25.18,10.03,0
2026-04-08 13:13:26,510.37,509.18,509.77,24.34,9.87,0
2026-04-08 13:13:27,498.11,486.31,492.21,25.09,9.8,0
2026-04-08 13:13:28,488.67,505.73,497.2,25.66,9.99,0
2026-04-08 13:13:29,503.75,496.93,500.34,25.27,9.96,0
2026-04-08 13:13:30,489.03,490.94,489.98,24.71,9.98,0
2026-04-08 13:13:31,496.24,488.85,492.54,24.31,9.83,0
2026-04-08 13:13:32,485.67,485.93,485.8,24.25,10.1,0
2026-04-08 13:13:33,511.2,508.39,509.8,25.1,10.16,0
2026-04-08 13:13:34,501.25,496.29,498.77,25.57,10.09,0
2026-04-08 13:13:35,501.43,513.7,507.57,25.69,10.14,0
2026-04-08 13:13:36,492.41,509.05,500.73,25.0,10.18,0
2026-04-08 13:13:37,509.95,495.75,502.85,24.39,9.88,0
2026-04-08 13:13:38,504.38,485.01,494.7,25.08,9.97,0
2026-04-08 13:13:39,514.11,511.52,512.81,25.25,9.92,0
2026-04-08 13:13:40,511.57,497.86,504.71,24.67,9.96,0
2026-04-08 13:13:41,497.63,509.31,503.47,24.66,9.96,0
2026-04-08 13:13:42,500.82,509.32,505.07,25.4,9.98,0
2026-04-08 13:13:43,504.68,501.63,503.16,25.67,9.96,0
2026-04-08 13:13:44,508.13,501.56,504.85,24.55,10.19,0
2026-04-08 13:13:45,499.11,500.48,499.79,24.58,10.18,0
2026-04-08 13:13:46,489.09,488.88,488.99,25.45,10.02,0
2026-04-08 13:13:47,504.56,514.7,509.63,24.58,9.85,0
2026-04-08 13:13:48,490.4,507.67,499.04,25.7,9.96,0
2026-04-08 13:13:49,487.06,487.42,487.24,24.72,10.05,0
2026-04-08 13:13:50,488.91,496.13,492.52,25.49,9.83,0
2026-04-08 13:13:51,505.69,501.44,503.56,25.78,10.07,0
2026-04-08 13:13:52,487.18,495.64,491.41,25.45,9.84,0
2026-04-08 13:13:53,498.38,495.26,496.82,24.96,9.84,0
2026-04-08 13:13:54,495.03,487.41,491.22,24.34,9.85,0
2026-04-08 13:13:55,490.43,511.22,500.83,24.54,9.93,0
2026-04-08 13:13:56,501.62,498.01,499.81,24.26,10.11,0
2026-04-08 13:13:57,494.78,489.74,492.26,24.4,9.95,0
2026-04-08 13:13:58,488.61,493.29,490.95,25.37,9.91,0
2026-04-08 13:13:59,485.67,499.19,492.43,25.07,10.01,0
2026-04-08 13:14:00,493.83,496.08,494.95,24.4,9.91,0
2026-04-08 13:14:01,487.8,495.97,491.89,25.14,10.19,0
2026-04-08 13:14:02,514.25,508.11,511.18,25.64,9.81,0
2026-04-08 13:14:03,500.92,492.97,496.95,25.31,10.2,0
2026-04-08 13:14:04,487.26,496.58,491.92,25.09,9.93,0
2026-04-08 13:14:05,514.0,492.07,503.03,24.31,9.96,0
2026-04-08 13:14:06,508.63,498.89,503.76,24.42,9.94,0
2026-04-08 13:14:07,499.63,495.01,497.32,24.97,10.08,0
2026-04-08 13:14:08,491.09,509.66,500.38,24.94,10.03,0
2026-04-08 13:14:09,488.74,506.58,497.66,24.49,10.01,0
2026-04-08 13:14:10,502.0,503.05,502.53,24.91,10.12,0
2026-04-08 13:14:11,497.26,499.54,498.4,25.69,10.19,0
2026-04-08 13:14:12,494.38,510.09,502.23,25.41,10.09,0
2026-04-08 13:14:13,500.85,499.95,500.4,24.71,10.11,0
2026-04-08 13:14:14,488.3,496.66,492.48,24.28,10.01,0
2026-04-08 13:14:15,507.94,498.16,503.05,24.32,9.83,0
2026-04-08 13:14:16,513.21,501.12,507.16,24.67,9.93,0
2026-04-08 13:14:17,490.77,509.17,499.97,25.78,9.82,0
2026-04-08 13:14:18,495.72,486.35,491.04,25.05,9.89,0
2026-04-08 13:14:19,497.76,512.32,505.04,24.81,9.89,0
2026-04-08 13:14:20,511.96,493.46,502.71,24.56,9.85,0
2026-04-08 13:14:21,508.31,505.0,506.66,25.41,10.15,0
2026-04-08 13:14:22,498.71,513.5,506.11,25.66,10.01,0
2026-04-08 13:14:23,504.17,512.98,508.57,25.21,10.09,0
2026-04-08 13:14:24,497.11,514.98,506.04,24.79,10.14,0
2026-04-08 13:14:25,490.91,495.58,493.25,25.22,9.84,0
2026-04-08 13:14:26,490.85,494.26,492.55,25.67,9.94,0
2026-04-08 13:14:27,501.35,514.69,508.02,24.65,9.86,0
2026-04-08 13:14:28,485.62,500.62,493.12,24.49,10.07,0
2026-04-08 13:14:29,500.85,487.04,493.95,25.7,10.14,0
2026-04-08 13:14:30,486.43,500.65,493.54,24.54,10.1,0
2026-04-08 13:14:31,499.27,497.59,498.43,25.36,9.91,0
2026-04-08 13:14:32,505.28,485.18,495.23,24.52,10.03,0
2026-04-08 13:14:33,510.42,487.79,499.11,24.37,9.86,0
2026-04-08 13:14:34,502.95,487.98,495.46,24.9,10.1,0
2026-04-08 13:14:35,490.42,506.22,498.32,25.16,10.05,0
2026-04-08 13:14:36,490.1,502.86,496.48,24.43,10.14,0
2026-04-08 13:14:37,511.25,487.52,499.39,24.23,10.0,0
2026-04-08 13:14:38,501.56,497.34,499.45,25.38,10.16,0
2026-04-08 13:14:39,490.05,507.52,498.79,24.46,10.02,0
2026-04-08 13:14:40,512.76,486.8,499.78,25.15,10.01,0
2026-04-08 13:14:41,504.68,488.79,496.73,24.55,9.95,0
2026-04-08 13:14:42,497.78,497.27,497.52,25.44,9.99,0
2026-04-08 13:14:43,491.65,513.8,502.73,25.32,9.87,0
2026-04-08 13:14:44,487.22,501.81,494.51,25.35,10.01,0
2026-04-08 13:14:45,514.41,499.26,506.84,24.88,10.12,0
2026-04-08 13:14:46,492.77,485.38,489.07,24.26,9.88,0
2026-04-08 13:14:47,498.64,510.46,504.55,25.12,10.17,0
2026-04-08 13:14:48,493.44,500.47,496.95,25.59,10.14,0
2026-04-08 13:14:49,507.16,500.06,503.61,24.68,9.89,0
2026-04-08 13:14:50,493.99,487.7,490.85,24.39,9.97,0
2026-04-08 13:14:51,498.73,493.55,496.14,24.89,10.05,0
2026-04-08 13:14:52,502.46,504.63,503.55,24.33,9.97,0
2026-04-08 13:14:53,490.75,499.28,495.01,25.27,10.07,0
2026-04-08 13:14:54,512.56,489.27,500.92,24.23,10.13,0
2026-04-08 13:14:55,508.81,489.0,498.9,25.16,10.11,0
2026-04-08 13:14:56,514.01,499.97,506.99,25.44,10.0,0
2026-04-08 13:14:57,503.55,489.61,496.58,25.1,9.82,0
2026-04-08 13:14:58,494.35,508.85,501.6,24.84,10.2,0
2026-04-08 13:14:59,505.35,490.15,497.75,24.4,9.88,0
2026-04-08 13:15:00,512.85,495.31,504.08,24.92,10.16,0
2026-04-08 13:15:01,509.79,491.94,500.86,25.72,10.08,0
2026-04-08 13:15:02,488.98,495.34,492.16,25.11,10.13,0
2026-04-08 13:15:03,513.17,514.64,513.91,24.82,10.03,0
2026-04-08 13:15:04,508.37,491.77,500.07,24.69,9.86,0
2026-04-08 13:15:05,499.16,502.01,500.58,25.7,9.99,0
2026-04-08 13:15:06,505.01,492.2,498.6,24.93,10.18,0
2026-04-08 13:15:07,510.01,500.77,505.39,25.54,9.88,0
2026-04-08 13:15:08,501.9,499.42,500.66,24.23,10.0,0
2026-04-08 13:15:09,486.0,513.36,499.68,24.59,9.83,0
2026-04-08 13:15:10,514.12,508.66,511.39,24.83,9.96,0
2026-04-08 13:15:11,512.05,492.47,502.26,24.67,9.86,0
2026-04-08 13:15:12,504.88,495.23,500.06,24.8,9.82,0
2026-04-08 13:15:13,489.49,504.8,497.15,24.84,10.04,0
2026-04-08 13:15:14,486.07,486.43,486.25,24.98,10.01,0
2026-04-08 13:15:15,511.48,497.2,504.34,25.53,10.04,0
2026-04-08 13:15:16,494.02,495.49,494.76,24.89,10.2,0
2026-04-08 13:15:17,509.55,498.3,503.93,24.42,10.11,0
2026-04-08 13:15:18,501.01,507.85,504.43,25.2,10.11,0
2026-04-08 13:15:19,490.62,508.9,499.76,24.9,10.02,0
2026-04-08 13:15:20,504.98,491.7,498.34,25.3,9.96,0
2026-04-08 13:15:21,498.53,488.71,493.62,24.24,10.13,0
2026-04-08 13:15:22,500.69,499.99,500.34,24.82,10.1,0
2026-04-08 13:15:23,500.16,499.54,499.85,25.14,10.05,0
2026-04-08 13:15:24,504.0,503.86,503.93,25.52,9.91,0
2026-04-08 13:15:25,490.59,490.4,490.49,25.75,10.02,0
2026-04-08 13:15:26,511.8,488.82,500.31,25.27,9.89,0
2026-04-08 13:15:27,514.04,491.84,502.94,25.31,10.2,0
2026-04-08 13:15:28,509.27,502.95,506.11,24.86,9.88,0
2026-04-08 13:15:29,489.81,513.43,501.62,25.22,9.91,0
2026-04-08 13:15:30,506.14,499.95,503.05,25.67,9.85,0
2026-04-08 13:15:31,511.04,507.49,509.27,24.3,10.14,0
2026-04-08 13:15:32,503.37,509.3,506.34,25.31,9.89,0
2026-04-08 13:15:33,507.85,495.39,501.62,25.66,9.96,0
2026-04-08 13:15:34,497.67,489.04,493.36,25.3,9.83,0
2026-04-08 13:15:35,503.88,509.4,506.64,24.82,10.01,0
2026-04-08 13:15:36,506.17,486.07,496.12,25.38,9.81,0
2026-04-08 13:15:37,486.16,489.12,487.64,25.49,9.93,0
2026-04-08 13:15:38,507.08,494.0,500.54,25.6,10.13,0
2026-04-08 13:15:39,494.78,502.36,498.57,25.39,10.01,0
2026-04-08 13:15:40,488.48,510.28,499.38,24.44,9.84,0
2026-04-08 13:15:41,503.99,499.72,501.86,25.24,10.04,0
2026-04-08 13:15:42,488.83,487.08,487.96,25.08,9.91,0
2026-04-08 13:15:43,508.45,512.74,510.6,24.28,9.96,0
2026-04-08 13:15:44,499.95,487.31,493.63,25.32,9.89,0
2026-04-08 13:15:45,502.33,512.85,507.59,24.37,10.09,0
2026-04-08 13:15:46,486.63,510.31,498.47,24.26,9.84,0
2026-04-08 13:15:47,513.99,486.27,500.13,24.44,9.8,0
2026-04-08 13:15:48,503.6,486.08,494.84,25.07,10.17,0
2026-04-08 13:15:49,505.62,490.75,498.19,25.0,10.1,0
2026-04-08 13:15:50,493.01,508.12,500.57,24.35,10.07,0
2026-04-08 13:15:51,507.96,489.77,498.87,25.13,9.81,0
2026-04-08 13:15:52,496.96,513.51,505.23,25.08,9.81,0
2026-04-08 13:15:53,507.1,499.11,503.1,25.39,9.93,0
2026-04-08 13:15:54,496.4,494.81,495.61,25.16,9.95,0
2026-04-08 13:15:55,503.05,505.65,504.35,24.31,10.07,0
2026-04-08 13:15:56,486.42,502.61,494.52,25.6,10.02,0
2026-04-08 13:15:57,505.05,512.01,508.53,25.6,9.97,0
2026-04-08 13:15:58,488.44,500.6,494.52,25.01,10.12,0
2026-04-08 13:15:59,494.96,487.25,491.11,25.76,9.84,0
2026-04-08 13:16:00,498.64,496.89,497.77,25.09,10.08,0
2026-04-08 13:16:01,487.9,513.94,500.92,25.56,9.96,0
2026-04-08 13:16:02,489.82,495.06,492.44,25.36,9.99,0
2026-04-08 13:16:03,486.13,492.48,489.31,24.48,9.97,0
2026-04-08 13:16:04,507.38,486.79,497.09,25.03,10.11,0
2026-04-08 13:16:05,495.4,488.56,491.98,24.3,10.19,0
2026-04-08 13:16:06,498.25,500.63,499.44,24.87,9.96,0
2026-04-08 13:16:07,494.22,505.77,499.99,24.58,10.08,0
2026-04-08 13:16:08,489.73,511.99,500.86,25.39,10.03,0
2026-04-08 13:16:09,498.11,486.48,492.3,24.4,9.8,0
2026-04-08 13:16:10,509.09,509.01,509.05,25.53,9.9,0
2026-04-08 13:16:11,501.9,507.5,504.7,24.32,10.16,0
2026-04-08 13:16:12,508.9,488.64,498.77,25.37,9.82,0
2026-04-08 13:16:13,492.89,510.26,501.58,24.82,9.99,0
2026-04-08 13:16:14,495.18,498.24,496.71,25.03,9.95,0
2026-04-08 13:16:15,510.41,499.46,504.94,24.23,10.1,0
2026-04-08 13:16:16,514.92,485.33,500.13,24.56,9.91,0
2026-04-08 13:16:17,509.3,493.51,501.41,24.59,9.92,0
2026-04-08 13:16:18,491.21,508.67,499.94,24.39,10.13,0
2026-04-08 13:16:19,494.93,511.34,503.14,25.33,10.07,0
2026-04-08 13:16:20,513.8,493.02,503.41,25.23,10.04,0
2026-04-08 13:16:21,511.36,487.97,499.66,24.97,10.11,0
2026-04-08 13:16:22,502.16,496.63,499.4,24.57,9.88,0
2026-04-08 13:16:23,494.89,503.95,499.42,24.88,10.14,0
2026-04-08 13:16:24,494.36,507.52,500.94,24.74,10.07,0
2026-04-08 13:16:25,501.76,489.49,495.62,24.91,9.88,0
2026-04-08 13:16:26,495.73,491.56,493.64,25.79,10.19,0
2026-04-08 13:16:27,511.78,497.93,504.86,25.45,10.06,0
2026-04-08 13:16:28,505.23,500.64,502.94,24.88,9.84,0
2026-04-08 13:16:29,514.95,486.04,500.49,24.31,9.82,0
2026-04-08 13:16:30,494.89,508.07,501.48,24.97,10.01,0
2026-04-08 13:16:31,508.05,494.24,501.15,24.79,10.01,0
2026-04-08 13:16:32,512.83,503.25,508.04,24.83,10.14,0
2026-04-08 13:16:33,507.78,507.38,507.58,25.29,9.9,0
2026-04-08 13:16:34,504.55,510.35,507.45,25.11,10.16,0
2026-04-08 13:16:35,508.93,506.82,507.88,25.35,10.08,0
2026-04-08 13:16:36,488.3,506.88,497.59,24.49,10.05,0
2026-04-08 13:16:37,513.55,485.5,499.53,24.6,10.14,0
2026-04-08 13:16:38,512.21,509.02,510.61,24.51,9.94,0
2026-04-08 13:16:39,509.3,491.02,500.16,25.17,9.89,0
2026-04-08 13:16:40,496.08,512.17,504.12,25.26,10.04,0
2026-04-08 13:16:41,508.49,499.82,504.16,25.37,10.02,0
2026-04-08 13:16:42,496.82,499.11,497.97,24.61,10.05,0
2026-04-08 13:16:43,490.03,498.57,494.3,24.39,9.98,0
2026-04-08 13:16:44,486.66,507.67,497.16,24.7,9.96,0
2026-04-08 13:16:45,488.96,493.52,491.24,24.95,9.84,0
2026-04-08 13:16:46,491.33,486.13,488.73,24.84,10.07,0
2026-04-08 13:16:47,499.08,514.59,506.84,24.45,9.92,0
2026-04-08 13:16:48,506.43,487.14,496.78,25.08,9.9,0
2026-04-08 13:16:49,513.07,514.52,513.79,24.99,9.87,0
2026-04-08 13:16:50,506.1,511.85,508.98,24.54,10.15,0
2026-04-08 13:16:51,486.74,503.27,495.0,25.24,10.12,0
2026-04-08 13:16:52,511.17,509.41,510.29,24.21,9.97,0
2026-04-08 13:16:53,497.5,492.78,495.14,25.45,10.1,0
2026-04-08 13:16:54,501.8,489.47,495.63,24.48,9.94,0
2026-04-08 13:16:55,504.92,490.95,497.94,24.98,9.86,0
2026-04-08 13:16:56,504.85,489.68,497.27,25.39,10.12,0
2026-04-08 13:16:57,494.34,503.1,498.72,25.73,10.11,0
2026-04-08 13:16:58,492.21,497.77,494.99,25.32,9.94,0
2026-04-08 13:16:59,495.41,501.05,498.23,24.92,9.8,0
2026-04-08 13:17:00,499.16,502.57,500.86,25.43,10.18,0
2026-04-08 13:17:01,489.16,493.55,491.36,25.16,10.08,0
2026-04-08 13:17:02,506.78,493.09,499.94,25.64,10.02,0
2026-04-08 13:17:03,497.45,512.44,504.94,25.05,9.99,0
2026-04-08 13:17:04,496.31,511.12,503.71,24.54,10.14,0
2026-04-08 13:17:05,488.97,496.89,492.93,24.36,10.19,0
2026-04-08 13:17:06,493.31,494.58,493.95,24.47,9.98,0
2026-04-08 13:17:07,493.99,505.66,499.83,25.44,10.2,0
2026-04-08 13:17:08,507.97,512.84,510.41,25.6,9.82,0
2026-04-08 13:17:09,487.2,499.36,493.28,24.93,10.12,0
2026-04-08 13:17:10,491.69,487.37,489.53,25.2,9.87,0
2026-04-08 13:17:11,493.3,514.91,504.11,25.66,10.09,0
2026-04-08 13:17:12,513.9,500.67,507.28,25.29,10.2,0
2026-04-08 13:17:13,496.41,509.26,502.84,24.23,10.18,0
2026-04-08 13:17:14,492.78,493.34,493.06,25.49,9.97,0
2026-04-08 13:17:15,514.34,499.08,506.71,24.79,10.08,0
2026-04-08 13:17:16,513.7,512.49,513.09,24.4,9.82,0
2026-04-08 13:17:17,502.47,487.74,495.1,24.69,10.2,0
2026-04-08 13:17:18,490.39,486.32,488.35,25.63,10.1,0
2026-04-08 13:17:19,507.9,486.77,497.33,24.78,10.1,0
2026-04-08 13:17:20,508.3,492.68,500.49,24.26,10.09,0
2026-04-08 13:17:21,491.67,506.13,498.9,25.29,10.12,0
2026-04-08 13:17:22,508.28,485.9,497.09,24.49,9.99,0
2026-04-08 13:17:23,510.19,506.14,508.17,25.2,9.98,0
2026-04-08 13:17:24,487.48,487.52,487.5,25.45,10.13,0
2026-04-08 13:17:25,475.73,301.73,388.73,33.22,5.41,1
2026-04-08 13:17:26,478.8,322.86,400.83,33.18,5.44,1
2026-04-08 13:17:27,475.6,299.16,387.38,32.77,5.62,1
2026-04-08 13:17:28,478.82,319.71,399.26,33.13,5.39,1
2026-04-08 13:17:29,469.17,321.38,395.28,32.87,5.31,1
2026-04-08 13:17:30,478.39,322.93,400.66,33.42,5.3,1
2026-04-08 13:17:31,478.6,336.65,407.62,32.34,5.65,1
2026-04-08 13:17:32,473.15,336.97,405.06,33.43,5.33,1
2026-04-08 13:17:33,477.27,328.61,402.94,33.14,5.34,1
2026-04-08 13:17:34,474.06,316.57,395.32,32.28,5.5,1
2026-04-08 13:17:35,469.56,306.13,387.84,32.4,5.41,1
2026-04-08 13:17:36,477.63,322.77,400.2,33.2,5.45,1
2026-04-08 13:17:37,462.6,331.48,397.04,33.21,5.45,1
2026-04-08 13:17:38,461.02,314.5,387.76,32.32,5.36,1
2026-04-08 13:17:39,478.87,301.85,390.36,32.21,5.45,1
2026-04-08 13:17:40,471.05,320.28,395.66,33.15,5.32,1
2026-04-08 13:17:41,476.54,299.94,388.24,32.38,5.31,1
2026-04-08 13:17:42,483.48,325.64,404.56,33.23,5.69,1
2026-04-08 13:17:43,475.83,319.2,397.52,33.03,5.63,1
2026-04-08 13:17:44,458.05,321.81,389.93,33.8,5.37,1
2026-04-08 13:17:45,477.18,325.42,401.3,32.84,5.54,1
2026-04-08 13:17:46,481.36,319.95,400.66,33.72,5.49,1
2026-04-08 13:17:47,463.91,322.54,393.22,33.66,5.54,1
2026-04-08 13:17:48,477.01,341.79,409.4,33.27,5.34,1
2026-04-08 13:17:49,473.56,329.32,401.44,32.28,5.54,1
2026-04-08 13:17:50,455.25,323.88,389.57,33.52,5.57,1
2026-04-08 13:17:51,457.21,335.49,396.35,32.89,5.48,1
2026-04-08 13:17:52,467.95,325.29,396.62,33.05,5.33,1
2026-04-08 13:17:53,474.04,330.26,402.15,32.55,5.56,1
2026-04-08 13:17:54,473.31,323.17,398.24,33.05,5.46,1
2026-04-08 13:17:55,474.56,300.58,387.57,32.63,5.69,1
2026-04-08 13:17:56,455.16,311.47,383.31,32.77,5.38,1
2026-04-08 13:17:57,479.15,303.93,391.54,32.31,5.49,1
2026-04-08 13:17:58,458.42,308.75,383.59,33.53,5.65,1
2026-04-08 13:17:59,468.45,319.23,393.84,32.34,5.68,1
2026-04-08 13:18:00,484.65,326.4,405.52,33.25,5.48,1
2026-04-08 13:18:01,470.97,316.97,393.97,33.3,5.54,1
2026-04-08 13:18:02,454.14,315.21,384.67,33.33,5.69,1
2026-04-08 13:18:03,470.01,307.77,388.89,32.64,5.5,1
2026-04-08 13:18:04,457.61,322.63,390.12,33.18,5.63,1
2026-04-08 13:18:05,463.76,314.13,388.94,32.76,5.39,1
2026-04-08 13:18:06,472.21,328.28,400.24,32.5,5.42,1
2026-04-08 13:18:07,463.24,306.4,384.82,32.72,5.65,1
2026-04-08 13:18:08,484.15,322.79,403.47,32.99,5.37,1
2026-04-08 13:18:09,465.0,304.42,384.71,33.41,5.44,1
2026-04-08 13:18:10,470.99,341.36,406.17,32.91,5.59,1
2026-04-08 13:18:11,482.16,303.82,392.99,32.86,5.41,1
2026-04-08 13:18:12,480.21,329.0,404.6,32.93,5.53,1
2026-04-08 13:18:13,487.01,312.0,399.51,32.46,5.59,1
2026-04-08 13:18:14,486.85,319.23,403.04,32.82,5.37,1
2026-04-08 13:18:15,485.41,329.44,407.43,32.42,5.56,1
2026-04-08 13:18:16,475.61,324.4,400.01,32.94,5.3,1
2026-04-08 13:18:17,468.54,328.06,398.3,33.51,5.52,1
2026-04-08 13:18:18,454.74,325.26,390.0,33.02,5.48,1
2026-04-08 13:18:19,473.14,303.61,388.38,32.89,5.32,1
2026-04-08 13:18:20,452.15,319.53,385.84,32.25,5.7,1
2026-04-08 13:18:21,457.64,330.28,393.96,33.14,5.58,1
2026-04-08 13:18:22,482.34,316.57,399.46,32.99,5.3,1
2026-04-08 13:18:23,464.58,325.6,395.09,32.6,5.59,1
2026-04-08 13:18:24,464.13,295.5,379.81,33.07,5.31,1
2026-04-08 13:18:25,463.87,322.49,393.18,32.81,5.65,1
2026-04-08 13:18:26,459.8,309.3,384.55,32.61,5.36,1
2026-04-08 13:18:27,482.7,336.08,409.39,32.55,5.31,1
2026-04-08 13:18:28,459.81,320.99,390.4,33.03,5.64,1
2026-04-08 13:18:29,476.61,344.02,410.32,33.78,5.65,1
2026-04-08 13:18:30,466.93,334.57,400.75,33.19,5.36,1
2026-04-08 13:18:31,466.01,321.25,393.63,33.22,5.58,1
2026-04-08 13:18:32,477.97,326.33,402.15,33.3,5.31,1
2026-04-08 13:18:33,482.6,305.67,394.13,33.34,5.31,1
2026-04-08 13:18:34,461.2,333.81,397.51,33.48,5.58,1
2026-04-08 13:18:35,464.08,324.64,394.36,32.42,5.7,1
2026-04-08 13:18:36,467.33,324.27,395.8,33.32,5.67,1
2026-04-08 13:18:37,474.1,329.79,401.95,33.18,5.59,1
2026-04-08 13:18:38,464.7,329.74,397.22,33.23,5.52,1
2026-04-08 13:18:39,471.77,305.66,388.72,33.62,5.65,1
2026-04-08 13:18:40,462.04,314.21,388.13,33.72,5.52,1
2026-04-08 13:18:41,457.34,325.39,391.37,32.81,5.55,1
2026-04-08 13:18:42,477.63,314.02,395.82,33.59,5.51,1
2026-04-08 13:18:43,477.18,341.29,409.23,32.41,5.69,1
2026-04-08 13:18:44,472.94,311.85,392.4,32.6,5.7,1
2026-04-08 13:18:45,473.16,326.74,399.95,32.79,5.41,1
2026-04-08 13:18:46,467.39,340.07,403.73,32.24,5.7,1
2026-04-08 13:18:47,469.25,325.79,397.52,32.97,5.59,1
2026-04-08 13:18:48,463.29,314.13,388.71,33.47,5.68,1
2026-04-08 13:18:49,470.15,322.47,396.31,32.84,5.42,1
2026-04-08 13:18:50,453.59,301.37,377.48,33.38,5.65,1
2026-04-08 13:18:51,464.24,326.19,395.22,33.62,5.4,1
2026-04-08 13:18:52,480.12,319.09,399.61,32.51,5.5,1
2026-04-08 13:18:53,472.32,321.46,396.89,32.94,5.42,1
2026-04-08 13:18:54,474.98,315.64,395.31,33.29,5.53,1
2026-04-08 13:18:55,467.02,321.17,394.1,32.88,5.55,1
2026-04-08 13:18:56,458.69,320.26,389.48,33.26,5.63,1
2026-04-08 13:18:57,470.27,341.38,405.82,32.99,5.57,1
2026-04-08 13:18:58,481.8,308.8,395.3,32.59,5.47,1
2026-04-08 13:18:59,455.05,319.82,387.43,32.77,5.44,1
2026-04-08 13:19:00,475.52,322.22,398.87,32.38,5.42,1
2026-04-08 13:19:01,471.09,302.81,386.95,32.62,5.49,1
2026-04-08 13:19:02,474.11,327.69,400.9,32.54,5.33,1
2026-04-08 13:19:03,467.41,318.31,392.86,33.73,5.39,1
2026-04-08 13:19:04,477.7,317.67,397.68,33.06,5.55,1
2026-04-08 13:19:05,473.86,317.42,395.64,33.54,5.69,1
2026-04-08 13:19:06,453.43,321.35,387.39,32.65,5.35,1
2026-04-08 13:19:07,469.42,309.45,389.43,33.1,5.47,1
2026-04-08 13:19:08,458.26,338.56,398.41,33.55,5.56,1
2026-04-08 13:19:09,460.62,322.45,391.54,33.43,5.69,1
2026-04-08 13:19:10,465.43,315.43,390.43,33.45,5.62,1
2026-04-08 13:19:11,481.19,307.31,394.25,33.45,5.66,1
2026-04-08 13:19:12,478.95,322.97,400.96,33.19,5.49,1
2026-04-08 13:19:13,463.35,322.86,393.11,32.44,5.44,1
2026-04-08 13:19:14,462.27,317.18,389.72,33.45,5.64,1
2026-04-08 13:19:15,469.92,320.04,394.98,33.5,5.68,1
2026-04-08 13:19:16,470.1,324.59,397.35,33.07,5.62,1
2026-04-08 13:19:17,459.86,305.44,382.65,32.78,5.46,1
2026-04-08 13:19:18,477.12,311.38,394.25,33.44,5.59,1
2026-04-08 13:19:19,483.81,313.98,398.89,32.38,5.47,1
2026-04-08 13:19:20,469.73,337.11,403.42,33.58,5.53,1
2026-04-08 13:19:21,475.84,320.78,398.31,32.46,5.42,1
2026-04-08 13:19:22,470.23,322.75,396.49,33.6,5.54,1
2026-04-08 13:19:23,481.24,336.13,408.68,33.7,5.31,1
2026-04-08 13:19:24,480.24,333.76,407.0,32.55,5.48,1
2026-04-08 13:19:25,483.67,311.11,397.39,32.64,5.53,1
2026-04-08 13:19:26,458.66,334.84,396.75,32.91,5.43,1
2026-04-08 13:19:27,485.65,322.18,403.92,33.68,5.56,1
2026-04-08 13:19:28,471.04,337.09,404.07,33.37,5.56,1
2026-04-08 13:19:29,459.47,314.96,387.22,32.96,5.64,1
2026-04-08 13:19:30,461.86,314.33,388.1,33.09,5.34,1
2026-04-08 13:19:31,483.63,338.88,411.26,32.85,5.41,1
2026-04-08 13:19:32,468.13,320.04,394.09,33.09,5.35,1
2026-04-08 13:19:33,481.67,317.83,399.75,33.35,5.61,1
2026-04-08 13:19:34,475.43,310.44,392.94,32.73,5.69,1
2026-04-08 13:19:35,458.28,320.55,389.42,33.24,5.33,1
2026-04-08 13:19:36,463.98,310.62,387.3,33.18,5.53,1
2026-04-08 13:19:37,454.67,319.31,386.99,33.07,5.42,1
2026-04-08 13:19:38,474.24,330.36,402.3,32.76,5.62,1
2026-04-08 13:19:39,461.62,313.21,387.42,32.29,5.44,1
2026-04-08 13:19:40,480.08,330.95,405.51,33.1,5.44,1
2026-04-08 13:19:41,458.75,324.44,391.59,32.77,5.31,1
2026-04-08 13:19:42,469.04,333.77,401.41,32.23,5.4,1
2026-04-08 13:19:43,471.79,296.69,384.24,32.6,5.45,1
2026-04-08 13:19:44,467.32,322.94,395.13,33.12,5.43,1
2026-04-08 13:19:45,473.26,307.81,390.54,32.73,5.54,1
2026-04-08 13:19:46,482.2,307.43,394.82,33.59,5.42,1
2026-04-08 13:19:47,479.26,309.86,394.56,32.53,5.34,1
2026-04-08 13:19:48,478.99,330.3,404.64,33.72,5.66,1
2026-04-08 13:19:49,479.61,305.7,392.66,33.73,5.34,1
2026-04-08 13:19:50,479.11,310.43,394.77,33.26,5.35,1
2026-04-08 13:19:51,459.85,326.1,392.97,32.8,5.61,1
2026-04-08 13:19:52,478.98,325.12,402.05,33.12,5.36,1
2026-04-08 13:19:53,475.89,336.32,406.11,33.79,5.46,1
2026-04-08 13:19:54,470.46,316.55,393.51,33.61,5.44,1
2026-04-08 13:19:55,504.57,513.41,508.99,25.62,9.92,0
2026-04-08 13:19:56,491.15,509.02,500.09,24.62,10.14,0
2026-04-08 13:19:57,494.39,510.76,502.57,24.52,10.05,0
2026-04-08 13:19:58,498.65,505.39,502.02,24.6,9.95,0
2026-04-08 13:19:59,506.87,499.47,503.17,25.6,9.94,0
2026-04-08 13:20:00,485.93,498.05,491.99,24.89,10.19,0
2026-04-08 13:20:01,500.61,502.05,501.33,24.98,10.03,0
2026-04-08 13:20:02,490.58,497.32,493.95,24.96,10.05,0
2026-04-08 13:20:03,507.68,488.77,498.23,24.45,9.95,0
2026-04-08 13:20:04,514.5,491.44,502.97,25.08,9.86,0
2026-04-08 13:20:05,495.15,485.79,490.47,24.2,10.17,0
2026-04-08 13:20:06,507.19,492.2,499.7,24.7,9.92,0
2026-04-08 13:20:07,491.06,492.24,491.65,24.56,9.95,0
2026-04-08 13:20:08,497.53,489.21,493.37,25.22,9.9,0
2026-04-08 13:20:09,496.48,505.53,501.01,24.45,9.93,0
2026-04-08 13:20:10,509.51,500.91,505.21,25.15,9.94,0
2026-04-08 13:20:11,510.47,504.56,507.51,25.34,9.92,0
2026-04-08 13:20:12,488.09,496.73,492.41,25.42,10.07,0
2026-04-08 13:20:13,513.1,486.7,499.9,24.71,10.07,0
2026-04-08 13:20:14,492.26,505.52,498.89,24.25,10.08,0
2026-04-08 13:20:15,514.52,485.27,499.89,24.4,10.08,0
2026-04-08 13:20:16,500.64,500.87,500.76,24.79,9.81,0
2026-04-08 13:20:17,497.65,498.21,497.93,24.25,10.11,0
2026-04-08 13:20:18,493.41,493.16,493.29,24.62,10.15,0
2026-04-08 13:20:19,499.42,511.41,505.41,25.48,10.15,0
2026-04-08 13:20:20,486.1,488.94,487.52,25.52,9.86,0
2026-04-08 13:20:21,512.54,502.41,507.48,25.03,10.1,0
2026-04-08 13:20:22,513.65,510.21,511.93,25.05,9.85,0
2026-04-08 13:20:23,505.11,496.21,500.66,24.59,9.81,0
2026-04-08 13:20:24,496.99,499.59,498.29,25.16,9.91,0
2026-04-08 13:20:25,486.7,486.68,486.69,25.09,10.1,0
2026-04-08 13:20:26,491.53,508.47,500.0,24.25,10.17,0
2026-04-08 13:20:27,501.2,485.3,493.25,25.6,9.95,0
2026-04-08 13:20:28,499.46,490.61,495.03,24.39,9.9,0
2026-04-08 13:20:29,508.17,506.04,507.11,24.44,10.13,0
2026-04-08 13:20:30,496.22,509.77,502.99,24.87,10.0,0
2026-04-08 13:20:31,510.25,502.26,506.25,25.08,10.14,0
2026-04-08 13:20:32,514.54,503.72,509.13,25.58,10.02,0
2026-04-08 13:20:33,489.44,495.17,492.31,25.6,10.03,0
2026-04-08 13:20:34,497.08,501.68,499.38,24.63,10.04,0
2026-04-08 13:20:35,493.06,510.2,501.63,24.54,10.03,0
2026-04-08 13:20:36,508.34,509.24,508.79,25.72,9.82,0
2026-04-08 13:20:37,500.49,488.22,494.35,24.3,10.2,0
2026-04-08 13:20:38,505.58,485.24,495.41,25.44,9.85,0
2026-04-08 13:20:39,514.9,507.68,511.29,24.35,10.16,0
2026-04-08 13:20:40,504.62,507.99,506.31,25.05,9.9,0
2026-04-08 13:20:41,513.9,497.22,505.56,24.94,10.09,0
2026-04-08 13:20:42,490.8,492.73,491.76,25.42,10.02,0
2026-04-08 13:20:43,495.83,501.99,498.91,24.82,10.15,0
2026-04-08 13:20:44,501.89,515.0,508.45,25.09,10.13,0
2026-04-08 13:20:45,511.12,486.13,498.62,25.75,10.11,0
2026-04-08 13:20:46,513.91,500.25,507.08,24.27,10.11,0
2026-04-08 13:20:47,488.88,489.82,489.35,24.45,9.86,0
2026-04-08 13:20:48,499.51,507.84,503.67,24.97,9.85,0
2026-04-08 13:20:49,491.3,495.16,493.23,25.21,10.2,0
2026-04-08 13:20:50,488.61,496.46,492.54,24.22,9.95,0
2026-04-08 13:20:51,492.08,495.53,493.8,24.44,9.9,0
2026-04-08 13:20:52,488.32,514.26,501.29,25.78,9.99,0
2026-04-08 13:20:53,514.37,499.98,507.17,25.56,10.0,0
2026-04-08 13:20:54,509.13,507.61,508.37,24.76,10.12,0
2026-04-08 13:20:55,503.85,485.33,494.59,25.12,10.14,0
2026-04-08 13:20:56,491.48,489.25,490.36,24.56,10.17,0
2026-04-08 13:20:57,509.05,506.96,508.0,24.46,9.87,0
2026-04-08 13:20:58,495.83,495.56,495.69,24.86,10.19,0
2026-04-08 13:20:59,491.53,495.21,493.37,25.58,9.97,0
2026-04-08 13:21:00,499.64,504.73,502.19,25.03,9.87,0
2026-04-08 13:21:01,504.17,511.32,507.75,24.24,10.11,0
2026-04-08 13:21:02,489.18,501.52,495.35,24.99,9.8,0
2026-04-08 13:21:03,487.9,504.05,495.97,24.26,10.01,0
2026-04-08 13:21:04,485.2,499.49,492.35,25.44,9.97,0
2026-04-08 13:21:05,499.33,505.39,502.36,25.18,10.07,0
2026-04-08 13:21:06,503.03,492.56,497.79,24.25,9.86,0
2026-04-08 13:21:07,510.96,488.2,499.58,25.32,10.17,0
2026-04-08 13:21:08,500.54,506.34,503.44,25.43,10.14,0
2026-04-08 13:21:09,485.03,497.59,491.31,25.75,10.03,0
2026-04-08 13:21:10,496.07,497.18,496.62,25.79,10.07,0
2026-04-08 13:21:11,499.93,496.33,498.13,25.01,9.96,0
2026-04-08 13:21:12,496.88,493.78,495.33,25.59,10.05,0
2026-04-08 13:21:13,495.59,510.59,503.09,24.64,10.13,0
2026-04-08 13:21:14,492.54,496.18,494.36,24.21,10.03,0
2026-04-08 13:21:15,513.05,511.22,512.14,25.21,10.07,0
2026-04-08 13:21:16,493.58,489.41,491.49,24.69,10.14,0
2026-04-08 13:21:17,488.78,496.93,492.86,24.3,9.85,0
2026-04-08 13:21:18,492.41,488.17,490.29,25.64,10.19,0
2026-04-08 13:21:19,490.55,511.53,501.04,24.55,10.19,0
2026-04-08 13:21:20,511.07,486.98,499.03,25.71,9.92,0
2026-04-08 13:21:21,496.35,495.32,495.83,25.18,10.19,0
2026-04-08 13:21:22,486.86,509.63,498.25,24.91,10.01,0
2026-04-08 13:21:23,491.04,498.89,494.96,24.5,9.83,0
2026-04-08 13:21:24,499.14,507.21,503.18,24.77,10.09,0
2026-04-08 13:21:25,493.57,509.68,501.63,25.64,9.95,0
2026-04-08 13:21:26,498.94,489.8,494.37,24.39,10.18,0
2026-04-08 13:21:27,489.4,494.71,492.06,25.42,10.02,0
2026-04-08 13:21:28,499.83,494.69,497.26,25.02,9.86,0
2026-04-08 13:21:29,513.98,500.35,507.17,24.94,9.94,0
2026-04-08 13:21:30,504.68,495.73,500.21,24.49,9.92,0
2026-04-08 13:21:31,488.97,499.62,494.29,24.39,9.92,0
2026-04-08 13:21:32,491.81,507.54,499.67,24.99,9.94,0
2026-04-08 13:21:33,503.89,492.49,498.19,25.34,10.1,0
2026-04-08 13:21:34,508.17,487.24,497.7,24.97,9.93,0
2026-04-08 13:21:35,497.35,507.93,502.64,25.57,10.06,0
2026-04-08 13:21:36,510.7,514.5,512.6,25.09,10.19,0
2026-04-08 13:21:37,487.09,489.97,488.53,24.66,9.91,0
2026-04-08 13:21:38,505.82,498.52,502.17,24.54,10.04,0
2026-04-08 13:21:39,489.02,494.82,491.92,24.63,10.13,0
2026-04-08 13:21:40,495.5,485.08,490.29,25.03,9.87,0
2026-04-08 13:21:41,503.99,486.43,495.21,25.11,9.87,0
2026-04-08 13:21:42,494.0,490.75,492.38,25.0,9.93,0
2026-04-08 13:21:43,504.15,488.78,496.47,25.15,10.17,0
2026-04-08 13:21:44,506.49,497.87,502.18,25.09,10.18,0
2026-04-08 13:21:45,514.25,510.81,512.53,25.5,10.06,0
2026-04-08 13:21:46,500.97,494.54,497.76,24.28,10.12,0
2026-04-08 13:21:47,514.2,509.24,511.72,25.12,10.14,0
2026-04-08 13:21:48,510.27,489.19,499.73,25.47,10.05,0
2026-04-08 13:21:49,506.88,489.47,498.17,25.71,9.98,0
2026-04-08 13:21:50,496.95,496.06,496.5,24.36,9.94,0
2026-04-08 13:21:51,504.02,503.61,503.82,24.51,9.95,0
2026-04-08 13:21:52,505.52,487.59,496.56,25.26,10.1,0
2026-04-08 13:21:53,488.41,490.69,489.55,24.68,9.99,0
2026-04-08 13:21:54,504.26,487.8,496.03,24.88,10.02,0
2026-04-08 13:21:55,505.36,512.69,509.03,24.5,9.9,0
2026-04-08 13:21:56,514.95,487.78,501.36,25.1,10.0,0
2026-04-08 13:21:57,498.3,502.44,500.37,24.59,10.11,0
2026-04-08 13:21:58,504.7,501.05,502.88,24.39,9.98,0
2026-04-08 13:21:59,490.13,492.42,491.27,25.37,9.8,0
2026-04-08 13:22:00,505.67,490.84,498.26,25.09,9.81,0
2026-04-08 13:22:01,497.62,488.71,493.17,25.71,10.13,0
2026-04-08 13:22:02,491.3,504.43,497.86,25.28,10.07,0
2026-04-08 13:22:03,511.78,496.99,504.38,25.41,9.99,0
2026-04-08 13:22:04,504.56,508.76,506.66,25.55,10.13,0
2026-04-08 13:22:05,496.13,511.97,504.05,25.28,9.91,0
2026-04-08 13:22:06,495.86,501.24,498.55,25.39,9.9,0
2026-04-08 13:22:07,504.62,491.97,498.3,24.97,10.05,0
2026-04-08 13:22:08,501.29,507.06,504.17,24.48,9.94,0
2026-04-08 13:22:09,498.86,509.64,504.25,25.25,10.1,0
2026-04-08 13:22:10,501.88,513.27,507.57,24.81,10.18,0
2026-04-08 13:22:11,502.44,491.12,496.78,24.42,10.0,0
2026-04-08 13:22:12,494.86,497.99,496.43,24.85,10.18,0
2026-04-08 13:22:13,511.59,511.77,511.68,24.28,10.19,0
2026-04-08 13:22:14,511.07,489.96,500.52,25.62,10.08,0
2026-04-08 13:22:15,509.79,509.12,509.46,24.84,9.86,0
2026-04-08 13:22:16,509.25,509.11,509.18,24.77,10.13,0
2026-04-08 13:22:17,509.18,500.68,504.93,24.88,10.18,0
2026-04-08 13:22:18,513.58,494.86,504.22,25.63,10.01,0
2026-04-08 13:22:19,501.31,492.71,497.01,24.31,9.83,0
2026-04-08 13:22:20,510.67,486.05,498.36,24.3,10.01,0
2026-04-08 13:22:21,507.62,497.86,502.74,25.19,10.07,0
2026-04-08 13:22:22,495.77,490.08,492.93,25.46,9.91,0
2026-04-08 13:22:23,512.27,514.96,513.62,24.62,9.94,0
2026-04-08 13:22:24,490.54,492.77,491.66,24.59,10.01,0
2026-04-08 13:22:25,489.37,493.93,491.65,25.43,9.9,0
2026-04-08 13:22:26,490.2,490.83,490.51,25.28,10.17,0
2026-04-08 13:22:27,496.89,506.8,501.84,25.42,10.05,0
2026-04-08 13:22:28,490.92,512.58,501.75,24.85,10.11,0
2026-04-08 13:22:29,499.13,498.11,498.62,25.51,10.1,0
2026-04-08 13:22:30,504.08,512.37,508.23,24.61,9.98,0
2026-04-08 13:22:31,487.32,509.95,498.63,25.55,9.9,0
2026-04-08 13:22:32,504.56,494.3,499.43,25.34,10.13,0
2026-04-08 13:22:33,514.95,513.3,514.13,24.63,9.95,0
2026-04-08 13:22:34,505.64,489.2,497.42,24.89,9.84,0
2026-04-08 13:22:35,486.79,504.55,495.67,25.28,9.99,0
2026-04-08 13:22:36,503.2,510.26,506.73,24.82,10.02,0
2026-04-08 13:22:37,500.84,492.96,496.9,24.61,10.08,0
2026-04-08 13:22:38,488.93,509.7,499.32,25.23,9.89,0
2026-04-08 13:22:39,492.73,509.64,501.19,25.02,10.01,0
2026-04-08 13:22:40,501.8,511.31,506.55,25.51,9.85,0
2026-04-08 13:22:41,489.27,512.48,500.87,25.13,9.97,0
2026-04-08 13:22:42,487.31,495.32,491.32,25.42,10.06,0
2026-04-08 13:22:43,493.17,503.0,498.08,25.69,9.93,0
2026-04-08 13:22:44,510.28,499.52,504.9,24.31,9.87,0
2026-04-08 13:22:45,485.32,492.16,488.74,24.54,10.19,0
2026-04-08 13:22:46,512.53,511.32,511.92,24.64,9.9,0
2026-04-08 13:22:47,486.34,510.79,498.57,25.26,9.91,0
2026-04-08 13:22:48,494.85,494.16,494.5,25.19,10.03,0
2026-04-08 13:22:49,504.6,498.01,501.3,25.43,10.07,0
2026-04-08 13:22:50,510.86,493.81,502.34,25.15,9.87,0
2026-04-08 13:22:51,497.34,488.67,493.01,25.21,9.98,0
2026-04-08 13:22:52,505.45,499.38,502.42,24.42,9.87,0
2026-04-08 13:22:53,505.0,502.33,503.67,24.73,9.91,0
2026-04-08 13:22:54,507.3,513.98,510.64,25.69,10.03,0
2026-04-08 13:22:55,512.68,486.9,499.79,24.47,9.95,0
2026-04-08 13:22:56,500.4,492.51,496.46,24.62,10.16,0
2026-04-08 13:22:57,513.91,492.72,503.31,25.58,10.17,0
2026-04-08 13:22:58,494.86,508.26,501.56,25.34,9.94,0
2026-04-08 13:22:59,504.82,504.59,504.7,25.47,9.97,0
2026-04-08 13:23:00,487.14,491.22,489.18,25.65,10.01,0
2026-04-08 13:23:01,494.29,509.69,501.99,24.53,10.01,0
2026-04-08 13:23:02,502.39,490.85,496.62,25.6,9.82,0
2026-04-08 13:23:03,506.97,498.08,502.53,25.41,10.19,0
2026-04-08 13:23:04,487.49,502.14,494.81,25.1,9.98,0
2026-04-08 13:23:05,500.3,497.68,498.99,24.51,9.94,0
2026-04-08 13:23:06,502.63,500.85,501.74,24.48,9.87,0
2026-04-08 13:23:07,506.67,500.84,503.75,25.76,9.84,0
2026-04-08 13:23:08,497.34,512.42,504.88,25.29,10.16,0
2026-04-08 13:23:09,494.18,491.89,493.04,25.69,9.81,0
2026-04-08 13:23:10,492.5,488.23,490.36,25.06,9.85,0
2026-04-08 13:23:11,494.81,494.81,494.81,25.01,10.17,0
2026-04-08 13:23:12,514.52,502.28,508.4,24.95,10.11,0
2026-04-08 13:23:13,499.23,511.57,505.4,24.82,10.0,0
2026-04-08 13:23:14,509.2,495.69,502.45,24.25,10.17,0
2026-04-08 13:23:15,512.71,494.46,503.59,25.11,10.14,0
2026-04-08 13:23:16,497.65,495.62,496.64,25.1,10.18,0
2026-04-08 13:23:17,490.44,487.19,488.81,25.65,9.87,0
2026-04-08 13:23:18,511.27,503.8,507.53,24.52,10.18,0
2026-04-08 13:23:19,499.79,501.29,500.54,25.26,10.18,0
2026-04-08 13:23:20,495.12,507.23,501.18,24.81,9.98,0
2026-04-08 13:23:21,489.81,506.37,498.09,25.15,9.82,0
2026-04-08 13:23:22,514.95,493.49,504.22,25.1,9.82,0
2026-04-08 13:23:23,508.19,507.15,507.67,24.86,9.92,0
2026-04-08 13:23:24,505.75,493.07,499.41,25.26,9.85,0
2026-04-08 13:23:25,487.64,485.2,486.42,24.27,10.18,0
2026-04-08 13:23:26,502.88,504.05,503.46,24.49,9.95,0
2026-04-08 13:23:27,504.5,496.08,500.29,25.16,10.01,0
2026-04-08 13:23:28,512.71,495.0,503.85,25.7,10.08,0
2026-04-08 13:23:29,509.06,509.95,509.5,25.13,9.97,0
2026-04-08 13:23:30,485.17,505.29,495.23,24.44,10.11,0
2026-04-08 13:23:31,493.04,510.85,501.95,24.55,9.95,0
2026-04-08 13:23:32,493.8,509.05,501.42,24.29,9.85,0
2026-04-08 13:23:33,510.26,497.99,504.13,24.72,10.14,0
2026-04-08 13:23:34,493.88,494.31,494.1,24.99,9.98,0
2026-04-08 13:23:35,508.67,490.75,499.71,24.63,9.81,0
2026-04-08 13:23:36,504.42,512.3,508.36,25.4,9.84,0
2026-04-08 13:23:37,504.79,501.59,503.19,24.36,9.81,0
2026-04-08 13:23:38,490.83,496.56,493.7,25.3,10.02,0
2026-04-08 13:23:39,496.87,497.58,497.22,24.74,10.04,0
2026-04-08 13:23:40,512.14,490.58,501.36,25.0,10.15,0
2026-04-08 13:23:41,488.11,503.47,495.79,25.36,10.15,0
2026-04-08 13:23:42,507.54,486.71,497.13,25.17,9.88,0
2026-04-08 13:23:43,494.01,502.95,498.48,24.53,10.18,0
2026-04-08 13:23:44,511.49,491.49,501.49,24.49,10.0,0
2026-04-08 13:23:45,512.2,514.76,513.48,24.8,9.93,0
2026-04-08 13:23:46,514.51,494.4,504.45,24.43,10.17,0
2026-04-08 13:23:47,496.49,510.22,503.35,25.19,9.85,0
2026-04-08 13:23:48,496.53,495.3,495.92,25.22,9.87,0
2026-04-08 13:23:49,500.62,492.35,496.48,24.54,9.9,0
2026-04-08 13:23:50,514.77,506.52,510.65,24.74,10.12,0
2026-04-08 13:23:51,511.64,514.84,513.24,24.57,9.97,0
2026-04-08 13:23:52,501.99,506.66,504.33,24.73,10.1,0
2026-04-08 13:23:53,507.71,512.78,510.25,25.37,9.8,0
2026-04-08 13:23:54,495.57,508.68,502.12,24.8,10.11,0
2026-04-08 13:23:55,490.32,513.34,501.83,25.21,9.9,0
2026-04-08 13:23:56,508.38,489.81,499.09,24.42,9.96,0
2026-04-08 13:23:57,498.86,488.75,493.81,24.75,10.17,0
2026-04-08 13:23:58,496.25,502.68,499.47,24.81,9.9,0
2026-04-08 13:23:59,508.11,499.73,503.92,24.87,10.01,0
2026-04-08 13:24:00,506.19,497.39,501.79,25.56,10.14,0
2026-04-08 13:24:01,514.86,490.77,502.82,24.39,9.8,0
2026-04-08 13:24:02,490.49,512.47,501.48,25.12,9.97,0
2026-04-08 13:24:03,512.94,489.33,501.14,24.95,9.81,0
2026-04-08 13:24:04,509.96,510.7,510.33,24.49,9.92,0
2026-04-08 13:24:05,499.67,508.84,504.26,24.39,10.06,0
2026-04-08 13:24:06,497.02,496.03,496.53,24.71,10.17,0
2026-04-08 13:24:07,502.27,494.48,498.38,25.21,10.0,0
2026-04-08 13:24:08,512.28,500.73,506.5,25.03,9.98,0
2026-04-08 13:24:09,489.92,508.64,499.28,24.59,9.89,0
2026-04-08 13:24:10,506.81,512.59,509.7,24.25,10.16,0
2026-04-08 13:24:11,501.47,508.96,505.21,24.95,9.95,0
2026-04-08 13:24:12,504.3,506.7,505.5,25.11,10.17,0
2026-04-08 13:24:13,489.8,510.42,500.11,24.93,9.95,0
2026-04-08 13:24:14,493.32,512.54,502.93,25.42,10.11,0
2026-04-08 13:24:15,509.0,495.59,502.3,24.38,9.97,0
2026-04-08 13:24:16,514.1,488.18,501.14,24.5,10.17,0
2026-04-08 13:24:17,512.29,487.26,499.78,25.54,10.11,0
2026-04-08 13:24:18,503.51,505.68,504.6,25.25,9.83,0
2026-04-08 13:24:19,513.35,507.57,510.46,25.15,10.16,0
2026-04-08 13:24:20,502.76,502.05,502.41,24.6,9.92,0
2026-04-08 13:24:21,498.36,497.62,497.99,25.14,10.09,0
2026-04-08 13:24:22,493.23,498.18,495.71,24.86,9.89,0
2026-04-08 13:24:23,509.98,510.44,510.21,25.31,10.18,0
2026-04-08 13:24:24,487.65,512.04,499.84,24.76,10.03,0
2026-04-08 13:24:25,502.09,490.86,496.48,24.38,10.01,0
2026-04-08 13:24:26,499.52,508.78,504.15,25.21,10.08,0
2026-04-08 13:24:27,510.98,503.45,507.22,25.46,10.19,0
2026-04-08 13:24:28,497.62,493.73,495.68,24.7,10.12,0
2026-04-08 13:24:29,490.19,495.64,492.92,24.4,9.91,0
2026-04-08 13:24:30,491.65,504.66,498.16,25.65,10.07,0
2026-04-08 13:24:31,513.69,485.6,499.65,25.42,9.8,0
2026-04-08 13:24:32,508.06,489.23,498.64,25.38,9.92,0
2026-04-08 13:24:33,500.5,508.97,504.73,25.68,10.09,0
2026-04-08 13:24:34,502.59,513.66,508.13,24.4,10.17,0
2026-04-08 13:24:35,487.96,504.52,496.24,25.31,9.9,0
2026-04-08 13:24:36,491.45,502.59,497.02,25.01,9.82,0
2026-04-08 13:24:37,513.17,493.73,503.45,25.62,9.82,0
2026-04-08 13:24:38,495.16,487.85,491.5,24.78,9.84,0
2026-04-08 13:24:39,486.98,506.05,496.52,25.03,9.98,0
2026-04-08 13:24:40,497.21,500.61,498.91,25.32,10.18,0
2026-04-08 13:24:41,501.09,511.87,506.48,24.51,10.14,0
2026-04-08 13:24:42,505.31,488.58,496.95,25.13,9.87,0
2026-04-08 13:24:43,506.14,491.82,498.98,25.76,9.98,0
2026-04-08 13:24:44,486.8,503.12,494.96,24.37,9.92,0
2026-04-08 13:24:45,494.0,493.81,493.91,24.37,9.92,0
2026-04-08 13:24:46,514.57,501.25,507.91,25.65,9.9,0
2026-04-08 13:24:47,495.67,503.85,499.76,24.51,10.06,0
2026-04-08 13:24:48,513.47,512.21,512.84,24.41,9.84,0
2026-04-08 13:24:49,500.17,510.75,505.46,24.79,10.1,0
2026-04-08 13:24:50,511.86,492.48,502.17,25.57,9.94,0
2026-04-08 13:24:51,506.08,489.83,497.96,24.91,10.16,0
2026-04-08 13:24:52,511.64,493.45,502.54,24.96,9.92,0
2026-04-08 13:24:53,497.4,501.47,499.44,24.29,10.08,0
2026-04-08 13:24:54,498.8,491.24,495.02,24.28,10.03,0
2026-04-08 13:24:55,486.46,486.31,486.38,24.58,9.83,0
2026-04-08 13:24:56,486.64,497.59,492.11,24.92,10.05,0
2026-04-08 13:24:57,503.34,510.96,507.15,25.71,10.16,0
2026-04-08 13:24:58,506.5,489.29,497.89,24.71,9.88,0
2026-04-08 13:24:59,507.1,506.47,506.78,24.56,9.99,0
2026-04-08 13:25:00,507.2,489.29,498.24,24.27,9.84,0
2026-04-08 13:25:01,514.52,512.88,513.7,24.29,9.94,0
2026-04-08 13:25:02,502.55,491.76,497.16,25.22,9.93,0
2026-04-08 13:25:03,504.65,489.73,497.19,25.19,10.09,0
2026-04-08 13:25:04,511.02,503.91,507.46,25.09,9.97,0
2026-04-08 13:25:05,491.76,506.96,499.36,25.08,9.97,0
2026-04-08 13:25:06,514.8,494.06,504.43,25.41,9.85,0
2026-04-08 13:25:07,513.57,503.79,508.68,24.88,9.86,0
2026-04-08 13:25:08,498.65,500.01,499.33,24.36,9.82,0
2026-04-08 13:25:09,486.82,494.76,490.79,24.8,9.91,0
2026-04-08 13:25:10,492.95,499.06,496.01,25.15,9.87,0
2026-04-08 13:25:11,503.24,495.2,499.22,24.26,10.0,0
2026-04-08 13:25:12,486.05,490.08,488.07,24.82,10.19,0
2026-04-08 13:25:13,506.53,491.92,499.23,24.35,10.16,0
2026-04-08 13:25:14,510.06,506.16,508.11,24.83,10.06,0
2026-04-08 13:25:15,514.65,491.5,503.08,24.63,9.99,0
2026-04-08 13:25:16,505.3,509.37,507.33,25.14,9.99,0
2026-04-08 13:25:17,504.32,506.52,505.42,25.55,9.92,0
2026-04-08 13:25:18,506.54,485.34,495.94,24.77,9.87,0
2026-04-08 13:25:19,512.65,486.76,499.71,24.24,9.88,0
2026-04-08 13:25:20,513.18,513.03,513.1,24.44,10.14,0
2026-04-08 13:25:21,500.84,505.9,503.37,24.52,9.88,0
2026-04-08 13:25:22,500.44,501.23,500.83,25.53,9.87,0
2026-04-08 13:25:23,488.76,499.68,494.22,25.45,9.98,0
2026-04-08 13:25:24,497.33,509.25,503.29,25.37,9.86,0
2026-04-08 13:25:25,489.58,488.74,489.16,25.3,10.1,0
2026-04-08 13:25:26,513.22,506.22,509.72,25.37,10.09,0
2026-04-08 13:25:27,503.25,505.65,504.45,24.56,10.19,0
2026-04-08 13:25:28,490.01,506.84,498.42,25.79,10.03,0
2026-04-08 13:25:29,486.64,500.54,493.59,25.08,9.82,0
2026-04-08 13:25:30,509.79,497.8,503.8,24.64,9.84,0
2026-04-08 13:25:31,496.72,510.29,503.5,24.52,10.12,0
2026-04-08 13:25:32,509.72,507.27,508.5,25.69,10.17,0
2026-04-08 13:25:33,511.18,499.59,505.39,25.39,9.89,0
2026-04-08 13:25:34,511.67,492.58,502.12,24.52,9.95,0
2026-04-08 13:25:35,499.34,508.08,503.71,24.92,9.91,0
2026-04-08 13:25:36,510.04,508.51,509.28,24.88,9.88,0
2026-04-08 13:25:37,494.37,501.47,497.92,24.74,10.01,0
2026-04-08 13:25:38,508.68,494.17,501.43,24.47,9.89,0
2026-04-08 13:25:39,507.46,501.9,504.68,25.15,10.03,0
2026-04-08 13:25:40,504.26,513.04,508.65,24.98,10.04,0
2026-04-08 13:25:41,488.06,495.85,491.96,25.22,9.85,0
2026-04-08 13:25:42,514.67,500.1,507.39,24.38,9.9,0
2026-04-08 13:25:43,498.76,500.7,499.73,25.34,10.2,0
2026-04-08 13:25:44,507.43,503.27,505.35,25.11,9.99,0
2026-04-08 13:25:45,498.35,495.04,496.7,25.26,9.89,0
2026-04-08 13:25:46,494.05,513.82,503.94,24.55,10.05,0
2026-04-08 13:25:47,488.56,493.72,491.14,25.45,10.14,0
2026-04-08 13:25:48,508.72,491.4,500.06,24.65,10.18,0
2026-04-08 13:25:49,497.73,514.8,506.26,24.38,9.96,0
2026-04-08 13:25:50,509.84,494.66,502.25,24.45,10.14,0
2026-04-08 13:25:51,489.45,502.31,495.88,25.58,10.1,0
2026-04-08 13:25:52,509.0,488.55,498.77,24.56,10.09,0
2026-04-08 13:25:53,504.57,497.94,501.25,24.47,10.04,0
2026-04-08 13:25:54,503.21,513.28,508.24,24.73,9.82,0
2026-04-08 13:25:55,503.8,492.21,498.01,25.14,9.86,0
2026-04-08 13:25:56,500.63,497.38,499.0,25.59,9.81,0
2026-04-08 13:25:57,512.23,485.8,499.01,24.35,9.89,0
2026-04-08 13:25:58,499.71,508.06,503.89,25.33,10.0,0
2026-04-08 13:25:59,490.89,491.65,491.27,24.93,10.12,0
2026-04-08 13:26:00,502.34,507.09,504.72,25.75,9.85,0
2026-04-08 13:26:01,485.39,499.4,492.4,25.39,10.16,0
2026-04-08 13:26:02,503.54,494.59,499.07,24.98,9.93,0
2026-04-08 13:26:03,502.54,510.27,506.41,25.7,10.15,0
2026-04-08 13:26:04,488.12,510.23,499.18,25.05,10.13,0
2026-04-08 13:26:05,509.75,514.59,512.17,24.46,10.17,0
2026-04-08 13:26:06,502.94,509.64,506.29,24.87,10.15,0
2026-04-08 13:26:07,498.57,494.99,496.78,24.9,10.2,0
2026-04-08 13:26:08,490.66,487.12,488.89,25.66,9.85,0
2026-04-08 13:26:09,508.41,504.96,506.68,25.2,10.19,0
2026-04-08 13:26:10,490.1,510.62,500.36,24.91,10.01,0
2026-04-08 13:26:11,504.37,512.89,508.63,24.84,10.05,0
2026-04-08 13:26:12,514.02,491.35,502.68,24.73,10.14,0
2026-04-08 13:26:13,500.47,490.1,495.28,24.63,10.1,0
2026-04-08 13:26:14,498.45,513.44,505.94,24.52,10.06,0
2026-04-08 13:26:15,506.31,513.09,509.7,24.79,10.16,0
2026-04-08 13:26:16,503.42,508.94,506.18,25.1,9.89,0
2026-04-08 13:26:17,488.25,514.62,501.43,24.84,9.82,0
2026-04-08 13:26:18,499.67,509.67,504.67,24.42,10.02,0
2026-04-08 13:26:19,497.2,506.84,502.02,25.28,9.87,0
2026-04-08 13:26:20,513.79,488.83,501.31,25.49,10.06,0
2026-04-08 13:26:21,513.46,487.96,500.71,24.25,9.95,0
2026-04-08 13:26:22,493.69,509.25,501.47,24.74,10.16,0
2026-04-08 13:26:23,491.34,505.62,498.48,25.02,10.14,0
2026-04-08 13:26:24,491.81,509.75,500.78,25.75,10.07,0
2026-04-08 13:26:25,498.99,509.19,504.09,24.7,10.08,0
2026-04-08 13:26:26,494.15,503.48,498.82,24.45,10.01,0
2026-04-08 13:26:27,514.72,502.71,508.71,24.59,10.17,0
2026-04-08 13:26:28,499.04,508.36,503.7,24.54,9.93,0
2026-04-08 13:26:29,486.74,503.37,495.05,25.76,10.05,0
2026-04-08 13:26:30,486.06,500.86,493.46,25.52,10.0,0
2026-04-08 13:26:31,498.21,502.82,500.51,25.32,10.07,0
2026-04-08 13:26:32,502.88,506.86,504.87,24.88,10.01,0
2026-04-08 13:26:33,485.18,502.0,493.59,25.24,9.87,0
2026-04-08 13:26:34,510.17,503.91,507.04,25.21,10.1,0
2026-04-08 13:26:35,496.58,485.74,491.16,24.46,10.15,0
2026-04-08 13:26:36,487.4,488.41,487.9,24.65,9.8,0
2026-04-08 13:26:37,510.18,504.75,507.47,25.05,10.17,0
2026-04-08 13:26:38,500.04,505.98,503.01,25.47,10.12,0
2026-04-08 13:26:39,512.12,500.69,506.4,24.77,9.81,0
2026-04-08 13:26:40,506.55,514.51,510.53,24.96,9.92,0
2026-04-08 13:26:41,507.25,503.41,505.33,25.6,9.83,0
2026-04-08 13:26:42,489.01,487.24,488.12,25.19,10.18,0
2026-04-08 13:26:43,511.26,501.65,506.46,24.8,10.02,0
2026-04-08 13:26:44,507.18,506.48,506.83,24.37,10.16,0
2026-04-08 13:26:45,490.61,485.91,488.26,25.62,10.11,0
2026-04-08 13:26:46,485.79,502.4,494.09,25.62,9.97,0
2026-04-08 13:26:47,508.28,500.38,504.33,24.36,9.85,0
2026-04-08 13:26:48,493.4,513.13,503.26,25.69,10.18,0
2026-04-08 13:26:49,489.65,513.22,501.44,24.93,10.05,0
2026-04-08 13:26:50,500.01,505.21,502.61,25.48,9.85,0
2026-04-08 13:26:51,492.11,499.36,495.73,25.64,9.99,0
2026-04-08 13:26:52,497.09,502.16,499.63,24.83,10.15,0
2026-04-08 13:26:53,486.28,500.29,493.29,25.56,10.1,0
2026-04-08 13:26:54,514.39,496.53,505.46,25.61,9.82,0
2026-04-08 13:26:55,493.47,497.58,495.53,24.31,10.13,0
2026-04-08 13:26:56,505.8,512.77,509.28,25.71,10.14,0
2026-04-08 13:26:57,488.03,503.07,495.55,24.61,9.91,0
2026-04-08 13:26:58,495.68,495.5,495.59,25.46,10.13,0
2026-04-08 13:26:59,509.01,503.21,506.11,25.01,9.89,0
2026-04-08 13:27:00,485.86,501.83,493.85,25.06,9.92,0
2026-04-08 13:27:01,489.49,489.12,489.31,25.16,9.81,0
2026-04-08 13:27:02,498.18,505.2,501.69,25.28,9.8,0
2026-04-08 13:27:03,503.9,501.07,502.49,24.93,10.05,0
2026-04-08 13:27:04,486.18,511.16,498.67,25.71,9.92,0
2026-04-08 13:27:05,513.45,513.45,513.45,25.03,10.14,0
2026-04-08 13:27:06,496.28,501.06,498.67,24.95,10.07,0
2026-04-08 13:27:07,497.72,488.7,493.21,25.21,10.16,0
2026-04-08 13:27:08,487.65,494.9,491.28,24.67,10.02,0
2026-04-08 13:27:09,492.22,491.85,492.03,24.91,9.96,0
2026-04-08 13:27:10,497.24,497.86,497.55,25.46,9.86,0
2026-04-08 13:27:11,500.92,496.0,498.46,24.5,9.99,0
2026-04-08 13:27:12,499.23,489.34,494.29,25.56,10.18,0
2026-04-08 13:27:13,498.8,514.51,506.65,24.58,10.11,0
2026-04-08 13:27:14,498.7,500.46,499.58,24.66,10.0,0
2026-04-08 13:27:15,506.83,497.75,502.29,24.34,10.09,0
2026-04-08 13:27:16,506.42,493.5,499.96,25.77,10.11,0
2026-04-08 13:27:17,487.71,492.13,489.92,24.38,9.85,0
2026-04-08 13:27:18,501.75,505.35,503.55,24.55,10.15,0
2026-04-08 13:27:19,496.51,507.1,501.81,24.45,9.89,0
2026-04-08 13:27:20,511.67,505.31,508.49,25.37,10.19,0
2026-04-08 13:27:21,488.0,495.46,491.73,24.26,10.09,0
2026-04-08 13:27:22,508.69,488.47,498.58,24.94,9.94,0
2026-04-08 13:27:23,485.23,497.76,491.5,24.82,9.89,0
2026-04-08 13:27:24,502.99,495.19,499.09,24.31,10.08,0
2026-04-08 13:27:25,493.11,490.39,491.75,25.71,9.81,0
2026-04-08 13:27:26,503.29,505.98,504.63,24.55,10.19,0
2026-04-08 13:27:27,500.16,514.55,507.36,24.96,9.88,0
2026-04-08 13:27:28,485.46,499.29,492.38,24.95,10.01,0
2026-04-08 13:27:29,511.9,512.7,512.3,24.85,10.03,0
2026-04-08 13:27:30,508.46,508.94,508.7,25.51,9.84,0
2026-04-08 13:27:31,506.97,493.42,500.19,25.12,10.04,0
2026-04-08 13:27:32,488.49,489.37,488.93,24.98,9.98,0
2026-04-08 13:27:33,512.52,486.26,499.39,24.79,10.17,0
2026-04-08 13:27:34,506.53,507.8,507.16,25.29,9.83,0
2026-04-08 13:27:35,506.32,491.31,498.81,24.35,9.84,0
2026-04-08 13:27:36,506.79,509.95,508.37,25.15,9.8,0
2026-04-08 13:27:37,511.46,498.89,505.18,24.84,10.11,0
2026-04-08 13:27:38,503.58,494.5,499.04,25.41,9.82,0
2026-04-08 13:27:39,510.57,506.06,508.31,25.66,9.89,0
2026-04-08 13:27:40,495.54,499.01,497.28,24.68,9.85,0
2026-04-08 13:27:41,507.73,507.36,507.55,24.54,10.01,0
2026-04-08 13:27:42,489.16,501.03,495.09,25.58,9.93,0
2026-04-08 13:27:43,512.79,491.8,502.29,24.82,10.0,0
2026-04-08 13:27:44,504.93,497.2,501.07,25.55,10.04,0
2026-04-08 13:27:45,496.84,487.05,491.94,24.42,10.15,0
2026-04-08 13:27:46,488.31,486.63,487.47,24.32,10.11,0
2026-04-08 13:27:47,494.97,503.63,499.3,24.79,10.17,0
2026-04-08 13:27:48,499.22,489.73,494.48,25.71,9.82,0
2026-04-08 13:27:49,490.51,513.75,502.13,24.76,10.13,0
2026-04-08 13:27:50,498.29,494.32,496.31,25.7,9.91,0
2026-04-08 13:27:51,496.18,505.43,500.81,25.12,10.11,0
2026-04-08 13:27:52,495.18,495.86,495.52,24.27,10.18,0
2026-04-08 13:27:53,488.86,507.51,498.19,25.63,10.06,0
2026-04-08 13:27:54,493.01,496.31,494.66,25.37,9.99,0
2026-04-08 13:27:55,486.81,485.56,486.19,24.48,9.99,0
2026-04-08 13:27:56,488.03,505.64,496.84,24.98,10.08,0
2026-04-08 13:27:57,488.79,500.27,494.53,24.92,10.04,0
2026-04-08 13:27:58,489.66,489.67,489.66,25.07,9.94,0
2026-04-08 13:27:59,498.96,510.9,504.93,25.48,10.05,0
2026-04-08 13:28:00,492.81,485.56,489.18,24.21,9.87,0
2026-04-08 13:28:01,497.47,486.73,492.1,24.41,9.92,0
2026-04-08 13:28:02,489.61,496.76,493.18,25.32,9.97,0
2026-04-08 13:28:03,509.76,505.3,507.53,24.71,9.91,0
2026-04-08 13:28:04,505.51,486.84,496.18,24.93,10.06,0
2026-04-08 13:28:05,488.27,494.5,491.38,25.43,10.11,0
2026-04-08 13:28:06,498.7,512.84,505.77,25.08,9.91,0
2026-04-08 13:28:07,494.56,502.74,498.65,24.43,9.86,0
2026-04-08 13:28:08,489.31,505.33,497.32,24.23,9.92,0
2026-04-08 13:28:09,493.31,485.17,489.24,25.33,10.14,0
2026-04-08 13:28:10,505.02,513.14,509.08,24.96,9.93,0
2026-04-08 13:28:11,509.76,492.99,501.38,24.91,10.07,0
2026-04-08 13:28:12,496.7,497.8,497.25,24.87,9.82,0
2026-04-08 13:28:13,503.98,513.11,508.55,24.93,10.0,0
2026-04-08 13:28:14,494.39,495.5,494.95,25.43,9.85,0
2026-04-08 13:28:15,512.79,502.52,507.65,25.41,9.96,0
2026-04-08 13:28:16,496.3,495.5,495.9,24.54,10.13,0
2026-04-08 13:28:17,496.66,504.63,500.65,25.15,9.98,0
2026-04-08 13:28:18,489.91,505.21,497.56,25.09,10.1,0
2026-04-08 13:28:19,493.51,509.83,501.67,24.34,9.81,0
2026-04-08 13:28:20,486.52,493.12,489.82,24.3,9.82,0
2026-04-08 13:28:21,500.89,492.19,496.54,25.56,9.94,0
2026-04-08 13:28:22,486.88,486.84,486.86,24.37,9.98,0
2026-04-08 13:28:23,485.61,485.76,485.69,24.58,10.01,0
2026-04-08 13:28:24,492.97,487.18,490.07,24.39,9.87,0
2026-04-08 13:28:25,509.13,496.46,502.8,24.93,10.16,0
2026-04-08 13:28:26,490.7,495.61,493.15,25.16,9.88,0
2026-04-08 13:28:27,513.94,485.8,499.87,24.83,9.94,0
2026-04-08 13:28:28,500.01,485.63,492.82,24.27,10.06,0
2026-04-08 13:28:29,505.8,498.54,502.17,25.26,10.0,0
2026-04-08 13:28:30,508.7,497.72,503.21,24.4,9.88,0
2026-04-08 13:28:31,497.11,489.09,493.1,24.2,9.97,0
2026-04-08 13:28:32,511.73,488.29,500.01,24.34,10.19,0
2026-04-08 13:28:33,495.04,487.15,491.1,24.92,10.02,0
2026-04-08 13:28:34,513.67,499.88,506.77,25.41,9.84,0
2026-04-08 13:28:35,504.19,492.85,498.52,25.44,9.89,0
2026-04-08 13:28:36,506.95,508.67,507.81,25.52,10.01,0
2026-04-08 13:28:37,510.66,510.04,510.35,24.78,10.14,0
2026-04-08 13:28:38,509.22,511.25,510.24,24.34,10.16,0
2026-04-08 13:28:39,507.81,506.71,507.26,24.56,9.86,0
2026-04-08 13:28:40,499.41,506.43,502.92,25.27,9.88,0
2026-04-08 13:28:41,510.75,493.05,501.9,25.39,9.93,0
2026-04-08 13:28:42,486.47,507.48,496.97,24.24,9.82,0
2026-04-08 13:28:43,490.07,489.05,489.56,25.14,10.04,0
2026-04-08 13:28:44,495.25,512.91,504.08,24.65,10.2,0
2026-04-08 13:28:45,502.28,492.62,497.45,24.88,9.94,0
2026-04-08 13:28:46,496.18,496.1,496.14,24.59,9.98,0
2026-04-08 13:28:47,509.14,512.15,510.64,24.45,10.1,0
2026-04-08 13:28:48,505.57,514.86,510.22,25.52,9.95,0
2026-04-08 13:28:49,487.14,505.72,496.43,24.28,9.83,0
2026-04-08 13:28:50,490.64,500.23,495.44,24.94,9.87,0
2026-04-08 13:28:51,497.26,488.48,492.87,24.72,10.0,0
2026-04-08 13:28:52,512.4,508.51,510.45,24.34,10.04,0
2026-04-08 13:28:53,504.49,506.19,505.34,24.78,9.97,0
2026-04-08 13:28:54,511.51,502.02,506.76,24.84,9.97,0
2026-04-08 13:28:55,491.35,493.14,492.25,24.33,10.01,0
2026-04-08 13:28:56,509.31,501.97,505.64,25.18,9.99,0
2026-04-08 13:28:57,507.43,499.0,503.21,25.22,9.99,0
2026-04-08 13:28:58,489.08,509.85,499.47,24.55,10.04,0
2026-04-08 13:28:59,506.48,495.07,500.78,24.34,9.82,0
2026-04-08 13:29:00,509.11,486.98,498.05,24.25,9.97,0
2026-04-08 13:29:01,494.5,491.8,493.15,24.74,10.08,0
2026-04-08 13:29:02,500.59,511.05,505.82,25.18,9.97,0
2026-04-08 13:29:03,505.0,505.28,505.14,24.7,10.1,0
2026-04-08 13:29:04,502.36,513.58,507.97,24.89,9.91,0
